llave_sintetica,k
A_02_1_15-19,39
A_02_1_20-24,31
A_02_1_25-29,26
A_02_1_30-34,30
A_02_1_35-39,19
A_02_1_40-44,31
A_02_1_45-49,22
A_02_1_50-54,20
A_02_1_55-59,28
A_02_1_60-64,23
A_02_1_65-69,17
A_02_1_70-74,18
A_02_1_75-79,32
A_02_1_80-84,25
A_02_1_85 y más,36
A_02_2_15-19,33
A_02_2_25-29,44
A_02_2_30-34,39
A_02_2_35-39,27
A_02_2_40-44,21
A_02_2_45-49,35
A_02_2_50-54,29
A_02_2_55-59,26
A_02_2_60-64,31
A_02_2_65-69,39
A_02_2_70-74,31
A_02_2_75-79,38
A_02_2_80-84,25
A_02_2_85 y más,35
A_03_1_25-29,39
A_03_1_30-34,44
A_03_1_35-39,46
A_03_1_40-44,36
A_03_1_45-49,32
A_03_1_50-54,32
A_03_1_55-59,42
A_03_1_60-64,49
A_03_2_40-44,40
A_04_1_10-14,27
A_04_1_15-19,13
A_04_1_20-24,15
A_04_1_25-29,25
A_04_1_30-34,14
A_04_1_35-39,13
A_04_1_40-44,12
A_04_1_45-49,10
A_04_1_50-54,17
A_04_1_55-59,7
A_04_1_60-64,21
A_04_1_65-69,15
A_04_1_70-74,15
A_04_1_75-79,11
A_04_1_80-84,10
A_04_1_85 y más,14
A_04_2_10-14,20
A_04_2_15-19,12
A_04_2_20-24,17
A_04_2_25-29,14
A_04_2_30-34,19
A_04_2_35-39,22
A_04_2_40-44,18
A_04_2_45-49,15
A_04_2_5-9,45
A_04_2_50-54,20
A_04_2_55-59,12
A_04_2_60-64,9
A_04_2_65-69,12
A_04_2_70-74,21
A_04_2_75-79,23
A_04_2_80-84,23
A_04_2_85 y más,25
A_05_1_45-49,47
A_05_1_50-54,49
A_05_1_55-59,47
A_05_1_60-64,45
A_05_1_65-69,25
A_05_1_70-74,38
A_05_1_75-79,44
A_05_1_80-84,36
A_05_1_85 y más,46
A_05_2_60-64,46
A_05_2_75-79,45
A_05_2_80-84,43
A_08_1_70-74,47
A_08_1_75-79,43
A_08_1_80-84,24
A_08_1_85 y más,24
A_08_2_75-79,32
A_08_2_80-84,31
A_08_2_85 y más,20
A_10_1_20-24,46
A_10_1_55-59,46
A_10_1_65-69,48
A_10_1_75-79,49
A_10_1_80-84,48
A_14_1_40-44,43
A_14_1_45-49,40
A_14_1_65-69,35
A_14_1_70-74,38
A_14_1_80-84,30
A_14_1_85 y más,42
A_14_2_80-84,45
A_15_1_30-34,34
A_15_1_35-39,37
A_15_1_40-44,28
A_15_1_45-49,34
A_15_1_50-54,39
A_15_1_55-59,27
A_15_1_60-64,20
A_15_1_65-69,13
A_15_1_70-74,12
A_15_1_75-79,18
A_15_1_80-84,4
A_15_1_85 y más,13
A_15_2_55-59,48
A_15_2_60-64,42
A_15_2_65-69,28
A_15_2_70-74,15
A_15_2_75-79,13
A_15_2_80-84,10
A_15_2_85 y más,17
A_16_1_10-14,36
A_16_1_15-19,21
A_16_1_20-24,17
A_16_1_25-29,14
A_16_1_30-34,14
A_16_1_35-39,17
A_16_1_40-44,12
A_16_1_45-49,18
A_16_1_50-54,13
A_16_1_55-59,10
A_16_1_60-64,8
A_16_1_65-69,5
A_16_1_70-74,11
A_16_1_75-79,11
A_16_1_80-84,9
A_16_1_85 y más,15
A_16_2_10-14,28
A_16_2_15-19,26
A_16_2_20-24,38
A_16_2_25-29,40
A_16_2_30-34,27
A_16_2_35-39,30
A_16_2_40-44,18
A_16_2_45-49,13
A_16_2_5-9,44
A_16_2_50-54,17
A_16_2_55-59,20
A_16_2_60-64,10
A_16_2_65-69,16
A_16_2_70-74,14
A_16_2_75-79,14
A_16_2_80-84,8
A_16_2_85 y más,13
A_19_1_30-34,42
A_19_1_35-39,34
A_19_1_40-44,35
A_19_1_45-49,29
A_19_1_50-54,25
A_19_1_55-59,30
A_19_1_60-64,17
A_19_1_65-69,13
A_19_1_70-74,17
A_19_1_75-79,19
A_19_1_80-84,14
A_19_1_85 y más,21
A_19_2_20-24,40
A_19_2_25-29,49
A_19_2_35-39,47
A_19_2_40-44,43
A_19_2_45-49,33
A_19_2_50-54,33
A_19_2_55-59,35
A_19_2_60-64,27
A_19_2_65-69,31
A_19_2_70-74,27
A_19_2_75-79,10
A_19_2_80-84,20
A_19_2_85 y más,22
A_20_1_1-4,7
A_20_1_10-14,7
A_20_1_15-19,2
A_20_1_20-24,9
A_20_1_25-29,4
A_20_1_30-34,10
A_20_1_35-39,4
A_20_1_40-44,4
A_20_1_45-49,3
A_20_1_5-9,9
A_20_1_50-54,1
A_20_1_55-59,3
A_20_1_60-64,2
A_20_1_65-69,2
A_20_1_70-74,1
A_20_1_75-79,3
A_20_1_80-84,1
A_20_1_85 y más,2
A_20_1_Menor de 1,3
A_20_2_1-4,15
A_20_2_10-14,3
A_20_2_15-19,4
A_20_2_20-24,6
A_20_2_25-29,6
A_20_2_30-34,7
A_20_2_35-39,2
A_20_2_40-44,2
A_20_2_45-49,4
A_20_2_5-9,7
A_20_2_50-54,2
A_20_2_55-59,3
A_20_2_65-69,3
A_20_2_70-74,2
A_20_2_75-79,1
A_20_2_Menor de 1,2
A_21_1_20-24,48
A_21_1_35-39,30
A_21_1_40-44,36
A_21_1_45-49,39
A_21_1_50-54,23
A_21_1_55-59,22
A_21_1_60-64,18
A_21_1_65-69,16
A_21_1_70-74,21
A_21_1_75-79,18
A_21_1_80-84,11
A_21_1_85 y más,8
A_21_2_35-39,41
A_21_2_40-44,30
A_21_2_45-49,22
A_21_2_50-54,21
A_21_2_55-59,21
A_21_2_60-64,25
A_21_2_65-69,16
A_21_2_70-74,14
A_21_2_75-79,5
A_21_2_80-84,10
A_21_2_85 y más,5
A_22_1_20-24,45
A_22_1_25-29,46
A_22_1_30-34,47
A_22_1_40-44,36
A_22_1_45-49,29
A_22_1_50-54,30
A_22_1_55-59,17
A_22_1_60-64,10
A_22_1_65-69,17
A_22_1_70-74,9
A_22_1_75-79,7
A_22_1_80-84,8
A_22_1_85 y más,9
A_22_2_15-19,37
A_22_2_35-39,45
A_22_2_40-44,33
A_22_2_45-49,19
A_22_2_50-54,21
A_22_2_55-59,19
A_22_2_60-64,16
A_22_2_65-69,17
A_22_2_70-74,18
A_22_2_75-79,8
A_22_2_80-84,10
A_22_2_85 y más,12
A_22_2_Menor de 1,49
A_24_1_35-39,46
A_24_1_45-49,44
A_24_1_50-54,49
A_24_1_70-74,37
A_24_1_75-79,35
A_24_1_80-84,25
A_24_1_85 y más,21
A_24_2_45-49,48
A_24_2_65-69,46
A_24_2_70-74,31
A_24_2_75-79,20
A_24_2_80-84,25
A_24_2_85 y más,19
A_88_1_1-4,16
A_88_1_10-14,5
A_88_1_15-19,3
A_88_1_20-24,4
A_88_1_25-29,4
A_88_1_30-34,5
A_88_1_35-39,1
A_88_1_40-44,5
A_88_1_45-49,1
A_88_1_5-9,18
A_88_1_50-54,1
A_88_1_55-59,1
A_88_1_60-64,1
A_88_1_65-69,1
A_88_1_75-79,1
A_88_1_85 y más,1
A_88_1_Menor de 1,4
A_88_2_1-4,13
A_88_2_10-14,6
A_88_2_15-19,5
A_88_2_20-24,9
A_88_2_25-29,9
A_88_2_30-34,4
A_88_2_35-39,2
A_88_2_40-44,1
A_88_2_45-49,2
A_88_2_5-9,9
A_88_2_50-54,1
A_88_2_55-59,3
A_88_2_65-69,4
A_88_2_70-74,2
A_88_2_85 y más,1
A_88_2_Menor de 1,6
B_01_1_1-4,41
B_01_1_10-14,13
B_01_1_15-19,38
B_01_1_20-24,26
B_01_1_30-34,48
B_01_1_35-39,43
B_01_1_45-49,25
B_01_1_5-9,36
B_01_1_50-54,25
B_01_1_55-59,15
B_01_1_60-64,25
B_01_1_65-69,30
B_01_1_70-74,11
B_01_1_75-79,15
B_01_1_80-84,13
B_01_1_85 y más,12
B_01_1_Menor de 1,17
B_01_2_1-4,36
B_01_2_10-14,20
B_01_2_15-19,18
B_01_2_20-24,15
B_01_2_25-29,14
B_01_2_30-34,18
B_01_2_35-39,24
B_01_2_40-44,19
B_01_2_45-49,13
B_01_2_5-9,28
B_01_2_50-54,21
B_01_2_55-59,17
B_01_2_60-64,18
B_01_2_65-69,24
B_01_2_70-74,31
B_01_2_75-79,24
B_01_2_80-84,25
B_01_2_85 y más,35
B_01_2_Menor de 1,13
B_02_1_1-4,15
B_02_1_10-14,11
B_02_1_15-19,3
B_02_1_20-24,5
B_02_1_25-29,8
B_02_1_30-34,17
B_02_1_35-39,9
B_02_1_40-44,5
B_02_1_45-49,3
B_02_1_5-9,19
B_02_1_50-54,9
B_02_1_55-59,3
B_02_1_60-64,6
B_02_1_65-69,3
B_02_1_70-74,6
B_02_1_75-79,5
B_02_1_80-84,6
B_02_1_85 y más,4
B_02_1_Menor de 1,6
B_02_2_1-4,26
B_02_2_10-14,2
B_02_2_15-19,6
B_02_2_20-24,9
B_02_2_25-29,10
B_02_2_30-34,6
B_02_2_35-39,5
B_02_2_40-44,2
B_02_2_45-49,2
B_02_2_5-9,19
B_02_2_50-54,5
B_02_2_55-59,8
B_02_2_60-64,4
B_02_2_65-69,6
B_02_2_70-74,2
B_02_2_75-79,4
B_02_2_80-84,3
B_02_2_85 y más,3
B_02_2_Menor de 1,4
B_03_1_1-4,15
B_03_1_10-14,15
B_03_1_15-19,15
B_03_1_20-24,15
B_03_1_25-29,13
B_03_1_30-34,22
B_03_1_35-39,6
B_03_1_40-44,13
B_03_1_45-49,4
B_03_1_5-9,18
B_03_1_50-54,4
B_03_1_55-59,4
B_03_1_60-64,7
B_03_1_65-69,9
B_03_1_70-74,5
B_03_1_75-79,7
B_03_1_80-84,5
B_03_1_85 y más,7
B_03_1_Menor de 1,12
B_03_2_1-4,10
B_03_2_10-14,9
B_03_2_15-19,5
B_03_2_20-24,7
B_03_2_25-29,9
B_03_2_30-34,10
B_03_2_35-39,5
B_03_2_40-44,6
B_03_2_45-49,10
B_03_2_5-9,14
B_03_2_50-54,11
B_03_2_55-59,7
B_03_2_60-64,13
B_03_2_65-69,10
B_03_2_70-74,12
B_03_2_75-79,14
B_03_2_80-84,10
B_03_2_85 y más,16
B_03_2_Menor de 1,7
B_04_1_1-4,5
B_04_1_10-14,4
B_04_1_15-19,3
B_04_1_20-24,7
B_04_1_25-29,4
B_04_1_30-34,9
B_04_1_35-39,6
B_04_1_40-44,4
B_04_1_45-49,1
B_04_1_5-9,5
B_04_1_50-54,3
B_04_1_55-59,1
B_04_1_60-64,4
B_04_1_65-69,4
B_04_1_70-74,4
B_04_1_75-79,4
B_04_1_80-84,2
B_04_1_85 y más,1
B_04_1_Menor de 1,3
B_04_2_1-4,7
B_04_2_10-14,4
B_04_2_15-19,3
B_04_2_20-24,10
B_04_2_25-29,8
B_04_2_30-34,4
B_04_2_35-39,4
B_04_2_40-44,5
B_04_2_45-49,4
B_04_2_5-9,4
B_04_2_50-54,5
B_04_2_55-59,1
B_04_2_60-64,1
B_04_2_65-69,1
B_04_2_70-74,5
B_04_2_75-79,1
B_04_2_85 y más,1
B_04_2_Menor de 1,1
B_05_1_1-4,39
B_05_1_10-14,27
B_05_1_15-19,16
B_05_1_20-24,20
B_05_1_25-29,15
B_05_1_30-34,23
B_05_1_35-39,13
B_05_1_40-44,14
B_05_1_45-49,12
B_05_1_5-9,35
B_05_1_50-54,8
B_05_1_55-59,12
B_05_1_60-64,6
B_05_1_65-69,7
B_05_1_70-74,9
B_05_1_75-79,13
B_05_1_80-84,4
B_05_1_85 y más,4
B_05_1_Menor de 1,13
B_05_2_1-4,23
B_05_2_10-14,32
B_05_2_15-19,19
B_05_2_20-24,11
B_05_2_25-29,11
B_05_2_30-34,21
B_05_2_35-39,9
B_05_2_40-44,11
B_05_2_45-49,15
B_05_2_5-9,25
B_05_2_50-54,4
B_05_2_55-59,11
B_05_2_60-64,11
B_05_2_65-69,8
B_05_2_70-74,7
B_05_2_75-79,5
B_05_2_80-84,3
B_05_2_85 y más,3
B_05_2_Menor de 1,9
B_06_1_1-4,30
B_06_1_10-14,23
B_06_1_15-19,25
B_06_1_20-24,32
B_06_1_25-29,29
B_06_1_30-34,16
B_06_1_35-39,20
B_06_1_40-44,14
B_06_1_45-49,16
B_06_1_5-9,27
B_06_1_50-54,16
B_06_1_55-59,17
B_06_1_60-64,7
B_06_1_65-69,11
B_06_1_70-74,15
B_06_1_75-79,8
B_06_1_80-84,7
B_06_1_85 y más,8
B_06_1_Menor de 1,8
B_06_2_1-4,31
B_06_2_10-14,22
B_06_2_15-19,6
B_06_2_20-24,15
B_06_2_25-29,18
B_06_2_30-34,16
B_06_2_35-39,21
B_06_2_40-44,10
B_06_2_45-49,13
B_06_2_5-9,24
B_06_2_50-54,6
B_06_2_55-59,14
B_06_2_60-64,8
B_06_2_65-69,15
B_06_2_70-74,10
B_06_2_75-79,10
B_06_2_80-84,9
B_06_2_85 y más,23
B_06_2_Menor de 1,7
B_07_1_10-14,25
B_07_1_15-19,14
B_07_1_20-24,49
B_07_1_45-49,43
B_07_1_5-9,39
B_07_1_55-59,27
B_07_1_60-64,34
B_07_1_65-69,32
B_07_1_70-74,17
B_07_1_75-79,10
B_07_1_80-84,8
B_07_1_85 y más,9
B_07_1_Menor de 1,29
B_07_2_1-4,47
B_07_2_10-14,23
B_07_2_15-19,15
B_07_2_20-24,30
B_07_2_25-29,18
B_07_2_30-34,36
B_07_2_35-39,36
B_07_2_40-44,34
B_07_2_45-49,24
B_07_2_5-9,22
B_07_2_50-54,17
B_07_2_55-59,15
B_07_2_60-64,16
B_07_2_65-69,14
B_07_2_70-74,19
B_07_2_75-79,7
B_07_2_80-84,7
B_07_2_85 y más,14
B_07_2_Menor de 1,30
B_08_1_10-14,29
B_08_1_15-19,33
B_08_1_20-24,44
B_08_1_25-29,35
B_08_1_30-34,46
B_08_1_35-39,31
B_08_1_40-44,41
B_08_1_45-49,38
B_08_1_5-9,28
B_08_1_50-54,17
B_08_1_55-59,15
B_08_1_60-64,17
B_08_1_65-69,5
B_08_1_70-74,6
B_08_1_75-79,12
B_08_1_80-84,9
B_08_1_85 y más,4
B_08_1_Menor de 1,20
B_08_2_1-4,43
B_08_2_10-14,12
B_08_2_15-19,19
B_08_2_20-24,23
B_08_2_25-29,23
B_08_2_30-34,30
B_08_2_35-39,21
B_08_2_40-44,21
B_08_2_45-49,15
B_08_2_5-9,27
B_08_2_50-54,9
B_08_2_55-59,10
B_08_2_60-64,6
B_08_2_65-69,6
B_08_2_70-74,5
B_08_2_75-79,3
B_08_2_80-84,3
B_08_2_85 y más,1
B_08_2_Menor de 1,18
B_09_1_80-84,41
B_09_1_85 y más,46
B_09_2_80-84,42
B_09_2_85 y más,43
B_10_1_1-4,16
B_10_1_10-14,9
B_10_1_15-19,15
B_10_1_20-24,17
B_10_1_25-29,28
B_10_1_30-34,23
B_10_1_35-39,12
B_10_1_40-44,30
B_10_1_45-49,10
B_10_1_5-9,3
B_10_1_50-54,22
B_10_1_55-59,12
B_10_1_60-64,20
B_10_1_65-69,10
B_10_1_70-74,13
B_10_1_75-79,10
B_10_1_80-84,7
B_10_1_85 y más,4
B_10_1_Menor de 1,8
B_10_2_1-4,13
B_10_2_10-14,12
B_10_2_15-19,10
B_10_2_20-24,6
B_10_2_25-29,11
B_10_2_30-34,16
B_10_2_35-39,13
B_10_2_40-44,11
B_10_2_45-49,7
B_10_2_5-9,14
B_10_2_50-54,9
B_10_2_55-59,11
B_10_2_60-64,5
B_10_2_65-69,3
B_10_2_70-74,13
B_10_2_75-79,9
B_10_2_80-84,7
B_10_2_85 y más,7
B_10_2_Menor de 1,3
B_11_1_1-4,35
B_11_1_10-14,19
B_11_1_15-19,21
B_11_1_20-24,23
B_11_1_25-29,27
B_11_1_30-34,28
B_11_1_35-39,26
B_11_1_40-44,20
B_11_1_45-49,12
B_11_1_5-9,32
B_11_1_50-54,13
B_11_1_55-59,11
B_11_1_60-64,24
B_11_1_65-69,11
B_11_1_70-74,15
B_11_1_75-79,20
B_11_1_80-84,20
B_11_1_85 y más,19
B_11_1_Menor de 1,11
B_11_2_1-4,35
B_11_2_10-14,18
B_11_2_15-19,14
B_11_2_20-24,20
B_11_2_25-29,12
B_11_2_30-34,21
B_11_2_35-39,10
B_11_2_40-44,23
B_11_2_45-49,5
B_11_2_5-9,33
B_11_2_50-54,9
B_11_2_55-59,18
B_11_2_60-64,12
B_11_2_65-69,20
B_11_2_70-74,17
B_11_2_75-79,22
B_11_2_80-84,10
B_11_2_85 y más,11
B_11_2_Menor de 1,8
B_12_1_10-14,27
B_12_1_15-19,13
B_12_1_20-24,38
B_12_1_45-49,37
B_12_1_5-9,47
B_12_1_50-54,33
B_12_1_55-59,34
B_12_1_60-64,27
B_12_1_65-69,20
B_12_1_70-74,20
B_12_1_75-79,9
B_12_1_80-84,9
B_12_1_85 y más,8
B_12_1_Menor de 1,36
B_12_2_10-14,32
B_12_2_15-19,23
B_12_2_20-24,23
B_12_2_25-29,42
B_12_2_30-34,38
B_12_2_40-44,32
B_12_2_45-49,12
B_12_2_5-9,40
B_12_2_50-54,13
B_12_2_55-59,22
B_12_2_60-64,14
B_12_2_65-69,17
B_12_2_70-74,5
B_12_2_75-79,12
B_12_2_80-84,7
B_12_2_85 y más,6
B_12_2_Menor de 1,37
B_13_1_15-19,38
B_13_1_60-64,40
B_13_1_65-69,33
B_13_1_70-74,25
B_13_1_75-79,26
B_13_1_80-84,16
B_13_1_85 y más,14
B_13_2_15-19,34
B_13_2_20-24,44
B_13_2_30-34,48
B_13_2_45-49,44
B_13_2_50-54,32
B_13_2_55-59,33
B_13_2_60-64,25
B_13_2_65-69,26
B_13_2_70-74,31
B_13_2_75-79,19
B_13_2_80-84,14
B_13_2_85 y más,20
B_14_1_15-19,32
B_14_1_20-24,22
B_14_1_25-29,41
B_14_1_30-34,30
B_14_1_35-39,16
B_14_1_40-44,14
B_14_1_45-49,7
B_14_1_50-54,12
B_14_1_55-59,8
B_14_1_60-64,11
B_14_1_65-69,5
B_14_1_70-74,4
B_14_1_75-79,5
B_14_1_80-84,6
B_14_1_85 y más,7
B_14_1_Menor de 1,22
B_14_2_15-19,33
B_14_2_20-24,33
B_14_2_25-29,15
B_14_2_30-34,27
B_14_2_35-39,15
B_14_2_40-44,12
B_14_2_45-49,14
B_14_2_50-54,13
B_14_2_55-59,6
B_14_2_60-64,9
B_14_2_65-69,11
B_14_2_70-74,6
B_14_2_75-79,1
B_14_2_80-84,3
B_14_2_85 y más,4
B_14_2_Menor de 1,16
B_15_1_1-4,17
B_15_1_10-14,7
B_15_1_15-19,12
B_15_1_20-24,13
B_15_1_25-29,26
B_15_1_30-34,18
B_15_1_35-39,18
B_15_1_40-44,16
B_15_1_45-49,9
B_15_1_5-9,10
B_15_1_50-54,11
B_15_1_55-59,5
B_15_1_60-64,3
B_15_1_65-69,4
B_15_1_70-74,1
B_15_1_75-79,1
B_15_1_80-84,2
B_15_1_Menor de 1,13
B_15_2_1-4,15
B_15_2_10-14,13
B_15_2_15-19,4
B_15_2_20-24,2
B_15_2_25-29,5
B_15_2_30-34,5
B_15_2_35-39,1
B_15_2_40-44,9
B_15_2_45-49,1
B_15_2_5-9,10
B_15_2_50-54,1
B_15_2_55-59,6
B_15_2_60-64,1
B_15_2_65-69,4
B_15_2_70-74,2
B_15_2_75-79,1
B_15_2_85 y más,3
B_15_2_Menor de 1,13
B_16_1_1-4,32
B_16_1_10-14,23
B_16_1_15-19,7
B_16_1_20-24,24
B_16_1_25-29,31
B_16_1_30-34,14
B_16_1_35-39,16
B_16_1_40-44,11
B_16_1_45-49,3
B_16_1_5-9,13
B_16_1_50-54,14
B_16_1_55-59,7
B_16_1_60-64,7
B_16_1_65-69,2
B_16_1_70-74,1
B_16_1_75-79,3
B_16_1_85 y más,1
B_16_1_Menor de 1,12
B_16_2_1-4,22
B_16_2_10-14,17
B_16_2_15-19,18
B_16_2_20-24,13
B_16_2_25-29,9
B_16_2_30-34,8
B_16_2_35-39,19
B_16_2_40-44,3
B_16_2_45-49,3
B_16_2_5-9,26
B_16_2_50-54,2
B_16_2_55-59,1
B_16_2_60-64,5
B_16_2_65-69,3
B_16_2_70-74,2
B_16_2_75-79,1
B_16_2_80-84,2
B_16_2_85 y más,4
B_16_2_Menor de 1,13
B_17_1_80-84,32
B_17_1_85 y más,48
B_18_1_1-4,42
B_18_1_10-14,29
B_18_1_15-19,23
B_18_1_20-24,41
B_18_1_25-29,42
B_18_1_30-34,45
B_18_1_35-39,32
B_18_1_40-44,22
B_18_1_45-49,26
B_18_1_5-9,29
B_18_1_50-54,23
B_18_1_55-59,26
B_18_1_60-64,26
B_18_1_65-69,14
B_18_1_70-74,5
B_18_1_75-79,6
B_18_1_80-84,5
B_18_1_85 y más,11
B_18_1_Menor de 1,14
B_18_2_1-4,28
B_18_2_10-14,22
B_18_2_15-19,9
B_18_2_20-24,14
B_18_2_25-29,16
B_18_2_30-34,27
B_18_2_35-39,26
B_18_2_40-44,17
B_18_2_45-49,13
B_18_2_5-9,26
B_18_2_50-54,11
B_18_2_55-59,21
B_18_2_60-64,11
B_18_2_65-69,11
B_18_2_70-74,14
B_18_2_75-79,12
B_18_2_80-84,12
B_18_2_85 y más,12
B_18_2_Menor de 1,12
B_19_1_1-4,25
B_19_1_10-14,20
B_19_1_15-19,17
B_19_1_20-24,12
B_19_1_25-29,19
B_19_1_30-34,5
B_19_1_35-39,5
B_19_1_40-44,8
B_19_1_45-49,4
B_19_1_5-9,30
B_19_1_50-54,8
B_19_1_55-59,4
B_19_1_60-64,5
B_19_1_65-69,7
B_19_1_70-74,2
B_19_1_75-79,2
B_19_1_80-84,2
B_19_1_85 y más,3
B_19_1_Menor de 1,7
B_19_2_1-4,19
B_19_2_10-14,17
B_19_2_15-19,13
B_19_2_20-24,9
B_19_2_25-29,8
B_19_2_30-34,7
B_19_2_35-39,7
B_19_2_40-44,4
B_19_2_45-49,2
B_19_2_5-9,24
B_19_2_50-54,5
B_19_2_55-59,3
B_19_2_60-64,5
B_19_2_65-69,3
B_19_2_70-74,1
B_19_2_75-79,2
B_19_2_80-84,2
B_19_2_85 y más,2
B_19_2_Menor de 1,7
B_20_1_1-4,3
B_20_1_10-14,1
B_20_1_25-29,2
B_20_1_45-49,2
B_20_1_5-9,4
B_20_1_55-59,1
B_20_1_60-64,4
B_20_1_65-69,1
B_20_1_75-79,1
B_20_1_Menor de 1,2
B_20_2_1-4,2
B_20_2_10-14,2
B_20_2_20-24,2
B_20_2_25-29,2
B_20_2_45-49,1
B_20_2_5-9,6
B_20_2_55-59,3
B_20_2_60-64,1
B_20_2_65-69,1
B_20_2_70-74,1
B_20_2_85 y más,1
B_21_1_1-4,33
B_21_1_10-14,21
B_21_1_15-19,8
B_21_1_20-24,6
B_21_1_25-29,14
B_21_1_30-34,19
B_21_1_35-39,9
B_21_1_40-44,7
B_21_1_45-49,6
B_21_1_5-9,19
B_21_1_50-54,5
B_21_1_55-59,5
B_21_1_60-64,3
B_21_1_65-69,4
B_21_1_70-74,4
B_21_1_75-79,2
B_21_1_85 y más,4
B_21_1_Menor de 1,17
B_21_2_1-4,19
B_21_2_10-14,9
B_21_2_15-19,10
B_21_2_20-24,5
B_21_2_25-29,3
B_21_2_30-34,11
B_21_2_35-39,8
B_21_2_40-44,5
B_21_2_45-49,7
B_21_2_5-9,17
B_21_2_50-54,5
B_21_2_55-59,4
B_21_2_60-64,1
B_21_2_65-69,1
B_21_2_75-79,2
B_21_2_80-84,3
B_21_2_Menor de 1,12
B_22_1_1-4,13
B_22_1_10-14,6
B_22_1_15-19,9
B_22_1_20-24,11
B_22_1_25-29,10
B_22_1_30-34,15
B_22_1_35-39,7
B_22_1_40-44,7
B_22_1_45-49,13
B_22_1_5-9,11
B_22_1_50-54,12
B_22_1_55-59,1
B_22_1_60-64,5
B_22_1_65-69,3
B_22_1_70-74,4
B_22_1_75-79,3
B_22_1_80-84,4
B_22_1_Menor de 1,7
B_22_2_1-4,12
B_22_2_10-14,7
B_22_2_15-19,11
B_22_2_20-24,2
B_22_2_25-29,7
B_22_2_30-34,11
B_22_2_35-39,5
B_22_2_40-44,12
B_22_2_45-49,4
B_22_2_5-9,4
B_22_2_50-54,1
B_22_2_55-59,2
B_22_2_60-64,2
B_22_2_65-69,1
B_22_2_70-74,2
B_22_2_75-79,1
B_22_2_80-84,2
B_22_2_85 y más,1
B_22_2_Menor de 1,5
B_23_1_10-14,19
B_23_1_15-19,14
B_23_1_20-24,32
B_23_1_25-29,49
B_23_1_30-34,48
B_23_1_40-44,34
B_23_1_45-49,26
B_23_1_5-9,48
B_23_1_50-54,25
B_23_1_55-59,8
B_23_1_60-64,15
B_23_1_65-69,16
B_23_1_70-74,12
B_23_1_75-79,10
B_23_1_80-84,7
B_23_1_85 y más,12
B_23_2_10-14,16
B_23_2_15-19,8
B_23_2_20-24,22
B_23_2_25-29,23
B_23_2_30-34,21
B_23_2_35-39,28
B_23_2_40-44,24
B_23_2_45-49,24
B_23_2_5-9,38
B_23_2_50-54,26
B_23_2_55-59,21
B_23_2_60-64,16
B_23_2_65-69,16
B_23_2_70-74,11
B_23_2_75-79,13
B_23_2_80-84,9
B_23_2_85 y más,10
B_24_1_1-4,24
B_24_1_10-14,11
B_24_1_15-19,6
B_24_1_20-24,10
B_24_1_25-29,21
B_24_1_30-34,22
B_24_1_35-39,25
B_24_1_40-44,22
B_24_1_45-49,11
B_24_1_5-9,13
B_24_1_50-54,11
B_24_1_55-59,8
B_24_1_60-64,11
B_24_1_65-69,14
B_24_1_70-74,8
B_24_1_75-79,7
B_24_1_80-84,1
B_24_1_85 y más,4
B_24_1_Menor de 1,26
B_24_2_1-4,27
B_24_2_10-14,12
B_24_2_15-19,7
B_24_2_20-24,12
B_24_2_25-29,17
B_24_2_30-34,12
B_24_2_35-39,11
B_24_2_40-44,15
B_24_2_45-49,2
B_24_2_5-9,17
B_24_2_50-54,7
B_24_2_55-59,7
B_24_2_60-64,6
B_24_2_65-69,5
B_24_2_70-74,4
B_24_2_75-79,2
B_24_2_80-84,5
B_24_2_85 y más,3
B_24_2_Menor de 1,22
B_88_1_10-14,2
B_88_1_15-19,1
B_88_1_20-24,7
B_88_1_35-39,1
B_88_1_40-44,1
B_88_1_60-64,1
B_88_1_85 y más,1
B_88_2_1-4,2
B_88_2_25-29,1
B_88_2_35-39,1
B_88_2_40-44,1
B_88_2_50-54,1
B_88_2_55-59,1
B_88_2_60-64,1
C_01_1_Menor de 1,30
C_01_2_Menor de 1,9
C_02_1_1-4,19
C_02_1_10-14,32
C_02_1_15-19,21
C_02_1_20-24,24
C_02_1_25-29,13
C_02_1_30-34,16
C_02_1_35-39,26
C_02_1_45-49,32
C_02_1_5-9,28
C_02_1_50-54,20
C_02_1_60-64,42
C_02_2_1-4,27
C_02_2_10-14,26
C_02_2_15-19,10
C_02_2_20-24,15
C_02_2_25-29,28
C_02_2_30-34,38
C_02_2_5-9,12
C_02_2_85 y más,27
C_02_2_Menor de 1,5
C_03_1_20-24,36
C_03_1_30-34,41
C_03_1_35-39,48
C_03_1_Menor de 1,6
C_03_2_1-4,21
C_03_2_20-24,45
C_03_2_5-9,43
C_03_2_Menor de 1,1
C_04_1_1-4,19
C_04_1_10-14,15
C_04_1_15-19,27
C_04_1_20-24,25
C_04_1_25-29,18
C_04_1_30-34,31
C_04_1_35-39,16
C_04_1_40-44,22
C_04_1_45-49,41
C_04_1_5-9,21
C_04_1_80-84,46
C_04_1_85 y más,32
C_04_1_Menor de 1,1
C_04_2_1-4,23
C_04_2_10-14,12
C_04_2_15-19,26
C_04_2_20-24,17
C_04_2_25-29,23
C_04_2_30-34,48
C_04_2_35-39,35
C_04_2_5-9,7
C_04_2_80-84,36
C_04_2_85 y más,19
C_04_2_Menor de 1,4
C_05_1_1-4,35
C_05_1_20-24,47
C_05_1_25-29,49
C_05_1_Menor de 1,6
C_05_2_1-4,45
C_05_2_10-14,34
C_05_2_15-19,42
C_05_2_5-9,30
C_05_2_Menor de 1,6
C_06_1_1-4,18
C_06_1_10-14,46
C_06_1_15-19,38
C_06_1_Menor de 1,1
C_06_2_1-4,35
C_06_2_10-14,44
C_06_2_5-9,38
C_06_2_Menor de 1,1
C_07_1_Menor de 1,17
C_07_2_Menor de 1,11
C_08_1_10-14,43
C_08_1_15-19,39
C_08_1_20-24,36
C_08_1_30-34,39
C_08_1_35-39,25
C_08_1_5-9,45
C_08_1_85 y más,39
C_08_1_Menor de 1,9
C_08_2_1-4,29
C_08_2_20-24,23
C_08_2_5-9,31
C_08_2_80-84,47
C_08_2_85 y más,36
C_08_2_Menor de 1,12
C_09_2_Menor de 1,45
C_10_1_1-4,41
C_10_1_10-14,41
C_10_1_Menor de 1,3
C_10_2_1-4,22
C_10_2_10-14,31
C_10_2_5-9,21
C_10_2_Menor de 1,4
C_11_2_1-4,47
C_11_2_10-14,46
C_11_2_Menor de 1,2
C_12_1_Menor de 1,10
C_12_2_Menor de 1,15
C_13_1_Menor de 1,35
C_13_2_Menor de 1,17
C_14_1_1-4,45
C_14_1_15-19,25
C_14_1_20-24,32
C_14_1_25-29,20
C_14_1_30-34,19
C_14_1_35-39,17
C_14_1_85 y más,25
C_14_1_Menor de 1,7
C_14_2_1-4,27
C_14_2_20-24,9
C_14_2_25-29,19
C_14_2_5-9,13
C_14_2_75-79,44
C_14_2_80-84,35
C_14_2_85 y más,25
C_15_1_1-4,3
C_15_1_10-14,24
C_15_1_15-19,19
C_15_1_20-24,18
C_15_1_25-29,7
C_15_1_30-34,10
C_15_1_35-39,4
C_15_1_40-44,29
C_15_1_45-49,12
C_15_1_5-9,22
C_15_1_50-54,13
C_15_1_55-59,32
C_15_1_60-64,35
C_15_1_65-69,31
C_15_1_70-74,24
C_15_1_75-79,19
C_15_1_80-84,10
C_15_1_85 y más,14
C_15_2_1-4,26
C_15_2_10-14,11
C_15_2_15-19,5
C_15_2_20-24,10
C_15_2_25-29,15
C_15_2_30-34,26
C_15_2_35-39,37
C_15_2_40-44,36
C_15_2_45-49,40
C_15_2_5-9,10
C_15_2_60-64,38
C_15_2_65-69,27
C_15_2_70-74,20
C_15_2_75-79,20
C_15_2_80-84,7
C_15_2_85 y más,6
C_15_2_Menor de 1,4
C_16_1_1-4,14
C_16_1_10-14,24
C_16_1_15-19,4
C_16_1_20-24,13
C_16_1_25-29,19
C_16_1_30-34,13
C_16_1_35-39,7
C_16_1_40-44,23
C_16_1_45-49,17
C_16_1_5-9,22
C_16_1_50-54,31
C_16_1_55-59,23
C_16_1_65-69,38
C_16_1_70-74,40
C_16_1_75-79,45
C_16_1_80-84,17
C_16_1_85 y más,9
C_16_1_Menor de 1,2
C_16_2_1-4,9
C_16_2_10-14,15
C_16_2_15-19,11
C_16_2_20-24,16
C_16_2_25-29,15
C_16_2_30-34,26
C_16_2_35-39,36
C_16_2_40-44,34
C_16_2_5-9,8
C_16_2_50-54,38
C_16_2_70-74,27
C_16_2_75-79,39
C_16_2_80-84,13
C_16_2_85 y más,13
C_17_1_Menor de 1,16
C_17_2_Menor de 1,29
C_18_1_1-4,37
C_18_1_10-14,43
C_18_1_Menor de 1,3
C_18_2_1-4,39
C_18_2_Menor de 1,6
C_19_1_1-4,28
C_19_1_10-14,19
C_19_1_15-19,23
C_19_1_20-24,13
C_19_1_25-29,11
C_19_1_30-34,33
C_19_1_35-39,29
C_19_1_40-44,31
C_19_1_5-9,2
C_19_1_55-59,46
C_19_1_65-69,42
C_19_1_80-84,25
C_19_1_85 y más,37
C_19_2_1-4,1
C_19_2_10-14,33
C_19_2_15-19,5
C_19_2_20-24,18
C_19_2_25-29,28
C_19_2_30-34,35
C_19_2_5-9,18
C_19_2_75-79,33
C_19_2_80-84,40
C_19_2_85 y más,8
C_20_1_1-4,3
C_20_1_15-19,2
C_20_1_20-24,1
C_20_1_25-29,1
C_20_1_30-34,2
C_20_1_35-39,4
C_20_1_40-44,6
C_20_1_45-49,2
C_20_1_50-54,11
C_20_1_55-59,8
C_20_1_60-64,9
C_20_1_65-69,10
C_20_1_70-74,14
C_20_1_75-79,14
C_20_1_80-84,4
C_20_1_85 y más,1
C_20_1_Menor de 1,2
C_20_2_1-4,2
C_20_2_10-14,1
C_20_2_20-24,1
C_20_2_25-29,3
C_20_2_30-34,11
C_20_2_35-39,8
C_20_2_40-44,10
C_20_2_45-49,16
C_20_2_5-9,17
C_20_2_50-54,25
C_20_2_55-59,8
C_20_2_60-64,11
C_20_2_65-69,6
C_20_2_70-74,7
C_20_2_75-79,4
C_20_2_85 y más,2
C_20_2_Menor de 1,1
C_21_1_1-4,14
C_21_1_10-14,39
C_21_1_15-19,21
C_21_1_20-24,15
C_21_1_25-29,16
C_21_1_30-34,35
C_21_1_35-39,25
C_21_1_40-44,21
C_21_1_45-49,34
C_21_1_5-9,19
C_21_1_50-54,33
C_21_1_55-59,49
C_21_1_70-74,23
C_21_1_75-79,47
C_21_1_80-84,21
C_21_1_85 y más,15
C_21_2_1-4,31
C_21_2_10-14,14
C_21_2_15-19,17
C_21_2_20-24,14
C_21_2_25-29,22
C_21_2_35-39,43
C_21_2_5-9,6
C_21_2_60-64,36
C_21_2_65-69,31
C_21_2_70-74,24
C_21_2_75-79,20
C_21_2_80-84,4
C_21_2_85 y más,7
C_21_2_Menor de 1,1
C_22_1_1-4,14
C_22_1_10-14,21
C_22_1_15-19,9
C_22_1_20-24,7
C_22_1_25-29,10
C_22_1_30-34,16
C_22_1_35-39,21
C_22_1_40-44,20
C_22_1_45-49,5
C_22_1_5-9,23
C_22_1_50-54,19
C_22_1_55-59,44
C_22_1_60-64,38
C_22_1_65-69,27
C_22_1_70-74,18
C_22_1_75-79,20
C_22_1_80-84,13
C_22_1_85 y más,5
C_22_1_Menor de 1,1
C_22_2_1-4,20
C_22_2_10-14,9
C_22_2_15-19,5
C_22_2_20-24,8
C_22_2_25-29,17
C_22_2_30-34,22
C_22_2_35-39,37
C_22_2_45-49,42
C_22_2_5-9,5
C_22_2_50-54,42
C_22_2_55-59,48
C_22_2_60-64,28
C_22_2_65-69,26
C_22_2_70-74,14
C_22_2_75-79,13
C_22_2_80-84,3
C_23_1_30-34,47
C_23_1_Menor de 1,6
C_23_2_15-19,47
C_23_2_85 y más,48
C_23_2_Menor de 1,6
C_24_1_15-19,44
C_24_1_25-29,21
C_24_1_30-34,48
C_24_1_35-39,29
C_24_1_40-44,45
C_24_1_45-49,37
C_24_1_80-84,24
C_24_1_85 y más,18
C_24_1_Menor de 1,4
C_24_2_1-4,44
C_24_2_15-19,49
C_24_2_20-24,28
C_24_2_25-29,19
C_24_2_30-34,35
C_24_2_5-9,30
C_24_2_75-79,32
C_24_2_80-84,31
C_24_2_85 y más,22
C_24_2_Menor de 1,2
C_88_1_1-4,9
C_88_1_15-19,2
C_88_1_20-24,1
C_88_1_25-29,1
C_88_1_30-34,2
C_88_1_45-49,1
C_88_1_60-64,2
C_88_1_65-69,2
C_88_1_75-79,3
C_88_1_80-84,3
C_88_1_85 y más,1
C_88_2_10-14,2
C_88_2_35-39,1
C_88_2_40-44,1
C_88_2_45-49,4
C_88_2_50-54,1
C_88_2_55-59,2
C_88_2_60-64,3
C_88_2_65-69,1
C_88_2_70-74,2
C_88_2_75-79,2
D_01_1_Menor de 1,49
D_01_2_Menor de 1,47
D_02_1_1-4,29
D_02_1_10-14,26
D_02_1_15-19,23
D_02_1_20-24,21
D_02_1_25-29,31
D_02_1_30-34,21
D_02_1_35-39,36
D_02_1_40-44,24
D_02_1_45-49,28
D_02_1_5-9,22
D_02_1_50-54,41
D_02_1_55-59,37
D_02_1_60-64,28
D_02_1_65-69,45
D_02_1_70-74,36
D_02_1_75-79,42
D_02_1_80-84,27
D_02_1_85 y más,20
D_02_1_Menor de 1,27
D_02_2_1-4,18
D_02_2_10-14,30
D_02_2_15-19,46
D_02_2_20-24,46
D_02_2_5-9,10
D_02_2_60-64,49
D_02_2_65-69,49
D_02_2_70-74,47
D_02_2_75-79,22
D_02_2_80-84,29
D_02_2_85 y más,29
D_02_2_Menor de 1,12
D_03_1_1-4,29
D_03_1_10-14,33
D_03_1_15-19,33
D_03_1_20-24,21
D_03_1_25-29,29
D_03_1_30-34,29
D_03_1_35-39,33
D_03_1_40-44,28
D_03_1_45-49,35
D_03_1_5-9,22
D_03_1_50-54,34
D_03_1_55-59,30
D_03_1_60-64,42
D_03_1_65-69,48
D_03_1_75-79,41
D_03_1_80-84,39
D_03_1_85 y más,42
D_03_1_Menor de 1,24
D_03_2_1-4,34
D_03_2_10-14,31
D_03_2_15-19,48
D_03_2_5-9,17
D_03_2_Menor de 1,22
D_04_1_1-4,33
D_04_1_10-14,19
D_04_1_15-19,30
D_04_1_20-24,18
D_04_1_25-29,26
D_04_1_30-34,19
D_04_1_35-39,38
D_04_1_40-44,30
D_04_1_45-49,39
D_04_1_5-9,33
D_04_1_50-54,38
D_04_1_60-64,40
D_04_1_65-69,47
D_04_1_70-74,33
D_04_1_75-79,46
D_04_1_80-84,13
D_04_1_85 y más,23
D_04_1_Menor de 1,11
D_04_2_1-4,33
D_04_2_10-14,25
D_04_2_15-19,46
D_04_2_25-29,49
D_04_2_5-9,15
D_04_2_65-69,40
D_04_2_70-74,44
D_04_2_75-79,25
D_04_2_80-84,14
D_04_2_85 y más,8
D_04_2_Menor de 1,3
D_05_1_1-4,45
D_05_1_20-24,46
D_05_1_25-29,28
D_05_1_30-34,48
D_05_1_35-39,30
D_05_1_55-59,42
D_05_1_60-64,48
D_05_1_75-79,43
D_05_1_80-84,42
D_05_1_85 y más,49
D_05_1_Menor de 1,28
D_05_2_5-9,48
D_05_2_75-79,36
D_05_2_80-84,34
D_05_2_85 y más,24
D_05_2_Menor de 1,24
D_06_1_10-14,45
D_06_1_25-29,49
D_06_1_Menor de 1,16
D_06_2_5-9,45
D_06_2_80-84,38
D_06_2_Menor de 1,23
D_08_1_15-19,49
D_08_1_20-24,42
D_08_1_25-29,31
D_08_1_30-34,42
D_08_1_35-39,46
D_08_1_45-49,42
D_08_1_70-74,46
D_08_1_80-84,28
D_08_1_85 y más,24
D_08_1_Menor de 1,32
D_08_2_70-74,46
D_08_2_75-79,39
D_08_2_80-84,15
D_08_2_85 y más,31
D_08_2_Menor de 1,19
D_10_1_20-24,44
D_10_1_30-34,46
D_10_1_80-84,43
D_10_1_Menor de 1,29
D_10_2_1-4,28
D_10_2_Menor de 1,19
D_11_1_20-24,48
D_11_1_5-9,43
D_11_1_Menor de 1,47
D_11_2_1-4,19
D_11_2_Menor de 1,27
D_12_2_Menor de 1,46
D_14_1_1-4,39
D_14_1_10-14,19
D_14_1_15-19,21
D_14_1_20-24,13
D_14_1_25-29,18
D_14_1_30-34,14
D_14_1_35-39,27
D_14_1_40-44,18
D_14_1_45-49,21
D_14_1_5-9,37
D_14_1_50-54,39
D_14_1_55-59,25
D_14_1_60-64,42
D_14_1_65-69,16
D_14_1_70-74,22
D_14_1_75-79,29
D_14_1_80-84,14
D_14_1_85 y más,15
D_14_1_Menor de 1,21
D_14_2_1-4,25
D_14_2_10-14,45
D_14_2_20-24,29
D_14_2_25-29,38
D_14_2_5-9,40
D_14_2_55-59,42
D_14_2_65-69,37
D_14_2_70-74,31
D_14_2_75-79,20
D_14_2_80-84,20
D_14_2_85 y más,20
D_14_2_Menor de 1,20
D_15_1_1-4,11
D_15_1_10-14,16
D_15_1_15-19,14
D_15_1_20-24,8
D_15_1_25-29,14
D_15_1_30-34,13
D_15_1_35-39,5
D_15_1_40-44,7
D_15_1_45-49,7
D_15_1_5-9,14
D_15_1_50-54,10
D_15_1_55-59,16
D_15_1_60-64,9
D_15_1_65-69,14
D_15_1_70-74,11
D_15_1_75-79,14
D_15_1_80-84,9
D_15_1_85 y más,9
D_15_1_Menor de 1,13
D_15_2_1-4,15
D_15_2_10-14,10
D_15_2_15-19,34
D_15_2_20-24,34
D_15_2_25-29,28
D_15_2_5-9,8
D_15_2_55-59,34
D_15_2_60-64,24
D_15_2_65-69,15
D_15_2_70-74,4
D_15_2_75-79,15
D_15_2_80-84,5
D_15_2_85 y más,7
D_15_2_Menor de 1,7
D_16_1_1-4,24
D_16_1_10-14,16
D_16_1_15-19,22
D_16_1_20-24,12
D_16_1_25-29,16
D_16_1_30-34,28
D_16_1_35-39,31
D_16_1_40-44,24
D_16_1_45-49,17
D_16_1_5-9,29
D_16_1_50-54,18
D_16_1_55-59,16
D_16_1_60-64,13
D_16_1_65-69,18
D_16_1_70-74,16
D_16_1_75-79,11
D_16_1_80-84,10
D_16_1_85 y más,9
D_16_1_Menor de 1,22
D_16_2_1-4,26
D_16_2_10-14,16
D_16_2_15-19,44
D_16_2_20-24,44
D_16_2_5-9,18
D_16_2_55-59,45
D_16_2_60-64,31
D_16_2_65-69,27
D_16_2_70-74,15
D_16_2_75-79,10
D_16_2_80-84,12
D_16_2_85 y más,12
D_16_2_Menor de 1,8
D_18_1_Menor de 1,24
D_18_2_Menor de 1,26
D_19_1_1-4,33
D_19_1_10-14,17
D_19_1_15-19,13
D_19_1_20-24,19
D_19_1_25-29,16
D_19_1_30-34,12
D_19_1_35-39,16
D_19_1_40-44,19
D_19_1_45-49,29
D_19_1_5-9,15
D_19_1_50-54,23
D_19_1_55-59,19
D_19_1_60-64,16
D_19_1_65-69,19
D_19_1_70-74,19
D_19_1_75-79,22
D_19_1_80-84,12
D_19_1_85 y más,15
D_19_1_Menor de 1,22
D_19_2_1-4,15
D_19_2_10-14,21
D_19_2_15-19,35
D_19_2_20-24,41
D_19_2_25-29,44
D_19_2_5-9,7
D_19_2_55-59,18
D_19_2_60-64,23
D_19_2_65-69,29
D_19_2_70-74,18
D_19_2_75-79,24
D_19_2_80-84,11
D_19_2_85 y más,10
D_19_2_Menor de 1,9
D_20_1_1-4,6
D_20_1_10-14,7
D_20_1_15-19,8
D_20_1_20-24,3
D_20_1_25-29,2
D_20_1_30-34,7
D_20_1_35-39,5
D_20_1_40-44,4
D_20_1_45-49,9
D_20_1_5-9,1
D_20_1_50-54,9
D_20_1_55-59,4
D_20_1_60-64,4
D_20_1_65-69,8
D_20_1_70-74,9
D_20_1_75-79,1
D_20_1_80-84,3
D_20_1_85 y más,1
D_20_1_Menor de 1,1
D_20_2_1-4,2
D_20_2_10-14,5
D_20_2_15-19,5
D_20_2_20-24,4
D_20_2_25-29,13
D_20_2_30-34,20
D_20_2_35-39,17
D_20_2_40-44,32
D_20_2_45-49,35
D_20_2_5-9,3
D_20_2_50-54,22
D_20_2_55-59,9
D_20_2_60-64,10
D_20_2_65-69,6
D_20_2_70-74,4
D_20_2_75-79,4
D_20_2_80-84,3
D_20_2_85 y más,2
D_20_2_Menor de 1,1
D_21_1_1-4,26
D_21_1_10-14,34
D_21_1_15-19,46
D_21_1_20-24,21
D_21_1_25-29,17
D_21_1_30-34,34
D_21_1_35-39,25
D_21_1_40-44,29
D_21_1_45-49,17
D_21_1_5-9,27
D_21_1_50-54,24
D_21_1_55-59,23
D_21_1_60-64,27
D_21_1_65-69,36
D_21_1_70-74,28
D_21_1_75-79,11
D_21_1_80-84,16
D_21_1_85 y más,16
D_21_1_Menor de 1,6
D_21_2_1-4,42
D_21_2_10-14,34
D_21_2_15-19,47
D_21_2_20-24,38
D_21_2_5-9,16
D_21_2_55-59,37
D_21_2_60-64,38
D_21_2_65-69,26
D_21_2_70-74,13
D_21_2_75-79,11
D_21_2_80-84,8
D_21_2_85 y más,5
D_21_2_Menor de 1,8
D_22_1_1-4,34
D_22_1_10-14,13
D_22_1_15-19,16
D_22_1_20-24,6
D_22_1_25-29,12
D_22_1_30-34,14
D_22_1_35-39,20
D_22_1_40-44,10
D_22_1_45-49,7
D_22_1_5-9,24
D_22_1_50-54,17
D_22_1_55-59,11
D_22_1_60-64,12
D_22_1_65-69,12
D_22_1_70-74,9
D_22_1_75-79,18
D_22_1_80-84,2
D_22_1_85 y más,6
D_22_1_Menor de 1,3
D_22_2_1-4,22
D_22_2_10-14,21
D_22_2_15-19,20
D_22_2_20-24,25
D_22_2_25-29,34
D_22_2_30-34,29
D_22_2_5-9,11
D_22_2_50-54,44
D_22_2_55-59,20
D_22_2_60-64,13
D_22_2_65-69,12
D_22_2_70-74,4
D_22_2_75-79,7
D_22_2_80-84,1
D_22_2_85 y más,3
D_22_2_Menor de 1,4
D_23_1_20-24,41
D_23_1_25-29,35
D_23_1_30-34,30
D_23_1_45-49,42
D_23_1_80-84,43
D_23_1_85 y más,43
D_23_2_80-84,49
D_23_2_85 y más,38
D_23_2_Menor de 1,46
D_24_1_10-14,34
D_24_1_15-19,34
D_24_1_20-24,35
D_24_1_25-29,28
D_24_1_30-34,28
D_24_1_35-39,25
D_24_1_40-44,35
D_24_1_45-49,43
D_24_1_5-9,18
D_24_1_75-79,45
D_24_1_80-84,18
D_24_1_85 y más,20
D_24_1_Menor de 1,49
D_24_2_10-14,49
D_24_2_5-9,37
D_24_2_75-79,45
D_24_2_80-84,23
D_24_2_85 y más,26
D_24_2_Menor de 1,34
D_88_1_1-4,1
D_88_1_20-24,2
D_88_1_25-29,1
D_88_1_30-34,1
D_88_1_40-44,2
D_88_1_45-49,1
D_88_1_5-9,1
D_88_1_50-54,3
D_88_1_55-59,1
D_88_1_60-64,1
D_88_1_65-69,3
D_88_1_70-74,2
D_88_1_75-79,2
D_88_1_80-84,1
D_88_2_1-4,2
D_88_2_10-14,2
D_88_2_25-29,3
D_88_2_30-34,6
D_88_2_35-39,7
D_88_2_40-44,5
D_88_2_45-49,11
D_88_2_50-54,8
D_88_2_60-64,1
D_88_2_70-74,1
D_88_2_75-79,1
E_01_1_15-19,47
E_02_1_1-4,24
E_02_1_10-14,9
E_02_1_15-19,10
E_02_1_20-24,9
E_02_1_25-29,8
E_02_1_30-34,8
E_02_1_35-39,8
E_02_1_40-44,27
E_02_1_45-49,43
E_02_1_5-9,7
E_02_1_60-64,49
E_02_1_80-84,42
E_02_1_85 y más,41
E_02_1_Menor de 1,13
E_02_2_1-4,7
E_02_2_10-14,4
E_02_2_15-19,7
E_02_2_20-24,20
E_02_2_25-29,18
E_02_2_30-34,23
E_02_2_35-39,42
E_02_2_40-44,27
E_02_2_5-9,8
E_02_2_Menor de 1,17
E_03_1_10-14,22
E_03_1_15-19,13
E_03_1_20-24,14
E_03_1_25-29,9
E_03_1_30-34,26
E_03_1_35-39,38
E_03_1_40-44,45
E_03_1_5-9,29
E_03_2_20-24,35
E_03_2_5-9,18
E_04_1_1-4,29
E_04_1_10-14,6
E_04_1_15-19,8
E_04_1_20-24,18
E_04_1_25-29,11
E_04_1_30-34,23
E_04_1_35-39,29
E_04_1_40-44,37
E_04_1_45-49,47
E_04_1_5-9,12
E_04_1_80-84,31
E_04_1_Menor de 1,24
E_04_2_1-4,17
E_04_2_10-14,9
E_04_2_15-19,10
E_04_2_20-24,10
E_04_2_25-29,26
E_04_2_30-34,39
E_04_2_35-39,31
E_04_2_5-9,11
E_04_2_Menor de 1,22
E_05_1_10-14,32
E_05_1_15-19,19
E_05_1_20-24,20
E_05_1_25-29,40
E_05_1_30-34,45
E_05_1_35-39,40
E_05_1_5-9,20
E_05_1_Menor de 1,35
E_05_2_1-4,47
E_05_2_10-14,17
E_05_2_15-19,34
E_05_2_20-24,48
E_05_2_35-39,48
E_05_2_Menor de 1,37
E_06_1_10-14,24
E_06_1_15-19,28
E_06_1_20-24,21
E_06_1_25-29,36
E_06_1_30-34,48
E_06_1_5-9,23
E_06_1_Menor de 1,45
E_06_2_10-14,20
E_06_2_15-19,23
E_06_2_5-9,26
E_06_2_Menor de 1,33
E_07_1_15-19,23
E_07_1_20-24,48
E_08_1_10-14,34
E_08_1_15-19,13
E_08_1_20-24,25
E_08_1_25-29,27
E_08_1_30-34,49
E_08_1_35-39,42
E_08_1_5-9,13
E_08_1_80-84,35
E_08_1_85 y más,21
E_08_2_1-4,36
E_08_2_10-14,26
E_08_2_15-19,42
E_08_2_25-29,46
E_08_2_5-9,14
E_08_2_85 y más,45
E_10_1_1-4,46
E_10_1_10-14,24
E_10_1_15-19,29
E_10_1_20-24,27
E_10_1_25-29,45
E_10_1_5-9,27
E_10_1_Menor de 1,38
E_10_2_1-4,48
E_10_2_10-14,42
E_10_2_Menor de 1,28
E_11_1_10-14,35
E_11_1_15-19,28
E_11_1_20-24,30
E_11_1_5-9,34
E_11_1_Menor de 1,45
E_11_2_10-14,25
E_11_2_5-9,45
E_11_2_Menor de 1,29
E_12_1_10-14,42
E_12_1_15-19,37
E_12_1_20-24,39
E_12_1_25-29,48
E_14_1_10-14,10
E_14_1_15-19,19
E_14_1_20-24,13
E_14_1_25-29,26
E_14_1_30-34,15
E_14_1_40-44,48
E_14_1_5-9,12
E_14_1_80-84,31
E_14_1_85 y más,40
E_14_1_Menor de 1,43
E_14_2_1-4,42
E_14_2_10-14,12
E_14_2_15-19,21
E_14_2_20-24,24
E_14_2_25-29,42
E_14_2_5-9,20
E_14_2_Menor de 1,39
E_15_1_1-4,25
E_15_1_10-14,18
E_15_1_15-19,11
E_15_1_20-24,2
E_15_1_25-29,6
E_15_1_30-34,11
E_15_1_35-39,12
E_15_1_40-44,26
E_15_1_45-49,16
E_15_1_5-9,37
E_15_1_50-54,23
E_15_1_55-59,38
E_15_1_60-64,32
E_15_1_65-69,29
E_15_1_70-74,26
E_15_1_75-79,18
E_15_1_80-84,11
E_15_1_85 y más,18
E_15_1_Menor de 1,37
E_15_2_1-4,34
E_15_2_10-14,8
E_15_2_15-19,25
E_15_2_20-24,23
E_15_2_25-29,20
E_15_2_30-34,18
E_15_2_35-39,28
E_15_2_40-44,29
E_15_2_45-49,40
E_15_2_5-9,15
E_15_2_50-54,37
E_15_2_55-59,35
E_15_2_60-64,36
E_15_2_65-69,34
E_15_2_70-74,32
E_15_2_75-79,16
E_15_2_80-84,19
E_15_2_85 y más,18
E_15_2_Menor de 1,35
E_16_1_1-4,25
E_16_1_10-14,3
E_16_1_15-19,5
E_16_1_20-24,4
E_16_1_25-29,3
E_16_1_30-34,16
E_16_1_35-39,11
E_16_1_40-44,10
E_16_1_45-49,30
E_16_1_5-9,3
E_16_1_50-54,44
E_16_1_55-59,40
E_16_1_65-69,40
E_16_1_70-74,38
E_16_1_75-79,15
E_16_1_80-84,20
E_16_1_85 y más,16
E_16_1_Menor de 1,27
E_16_2_1-4,15
E_16_2_10-14,9
E_16_2_15-19,9
E_16_2_20-24,11
E_16_2_25-29,18
E_16_2_30-34,20
E_16_2_35-39,23
E_16_2_40-44,37
E_16_2_45-49,35
E_16_2_5-9,10
E_16_2_50-54,43
E_16_2_55-59,48
E_16_2_60-64,40
E_16_2_70-74,45
E_16_2_75-79,33
E_16_2_80-84,29
E_16_2_85 y más,36
E_16_2_Menor de 1,20
E_18_1_10-14,33
E_18_1_15-19,30
E_18_1_20-24,28
E_18_1_5-9,44
E_18_1_Menor de 1,47
E_18_2_10-14,40
E_18_2_15-19,47
E_18_2_5-9,28
E_18_2_Menor de 1,34
E_19_1_1-4,33
E_19_1_10-14,10
E_19_1_15-19,13
E_19_1_20-24,10
E_19_1_25-29,18
E_19_1_30-34,27
E_19_1_35-39,22
E_19_1_40-44,40
E_19_1_45-49,28
E_19_1_5-9,15
E_19_1_65-69,45
E_19_1_70-74,43
E_19_1_80-84,36
E_19_1_85 y más,38
E_19_1_Menor de 1,19
E_19_2_1-4,20
E_19_2_10-14,9
E_19_2_15-19,8
E_19_2_20-24,16
E_19_2_25-29,33
E_19_2_30-34,22
E_19_2_35-39,40
E_19_2_40-44,38
E_19_2_5-9,16
E_19_2_80-84,48
E_19_2_85 y más,44
E_19_2_Menor de 1,4
E_20_1_1-4,20
E_20_1_10-14,2
E_20_1_15-19,3
E_20_1_20-24,2
E_20_1_30-34,3
E_20_1_35-39,12
E_20_1_40-44,12
E_20_1_45-49,7
E_20_1_5-9,16
E_20_1_50-54,13
E_20_1_55-59,10
E_20_1_60-64,18
E_20_1_65-69,14
E_20_1_70-74,17
E_20_1_75-79,7
E_20_1_80-84,4
E_20_1_85 y más,5
E_20_1_Menor de 1,3
E_20_2_1-4,16
E_20_2_10-14,4
E_20_2_15-19,1
E_20_2_20-24,4
E_20_2_25-29,3
E_20_2_30-34,7
E_20_2_35-39,6
E_20_2_40-44,11
E_20_2_45-49,20
E_20_2_5-9,13
E_20_2_50-54,9
E_20_2_55-59,8
E_20_2_60-64,18
E_20_2_65-69,14
E_20_2_70-74,11
E_20_2_75-79,5
E_20_2_80-84,5
E_20_2_85 y más,7
E_20_2_Menor de 1,6
E_21_1_1-4,21
E_21_1_10-14,7
E_21_1_15-19,7
E_21_1_20-24,11
E_21_1_25-29,12
E_21_1_30-34,13
E_21_1_35-39,28
E_21_1_40-44,46
E_21_1_5-9,8
E_21_1_70-74,48
E_21_1_75-79,45
E_21_1_80-84,17
E_21_1_85 y más,17
E_21_1_Menor de 1,16
E_21_2_1-4,19
E_21_2_10-14,7
E_21_2_15-19,12
E_21_2_20-24,25
E_21_2_25-29,46
E_21_2_30-34,48
E_21_2_35-39,49
E_21_2_40-44,43
E_21_2_5-9,35
E_21_2_70-74,49
E_21_2_75-79,43
E_21_2_80-84,31
E_21_2_85 y más,16
E_21_2_Menor de 1,15
E_22_1_1-4,25
E_22_1_10-14,6
E_22_1_15-19,1
E_22_1_20-24,6
E_22_1_25-29,6
E_22_1_30-34,14
E_22_1_35-39,17
E_22_1_40-44,22
E_22_1_45-49,31
E_22_1_5-9,9
E_22_1_50-54,18
E_22_1_55-59,40
E_22_1_65-69,37
E_22_1_70-74,25
E_22_1_75-79,20
E_22_1_80-84,10
E_22_1_85 y más,13
E_22_1_Menor de 1,20
E_22_2_1-4,24
E_22_2_10-14,11
E_22_2_15-19,4
E_22_2_20-24,8
E_22_2_25-29,17
E_22_2_30-34,25
E_22_2_35-39,27
E_22_2_40-44,25
E_22_2_45-49,31
E_22_2_5-9,9
E_22_2_50-54,42
E_22_2_55-59,28
E_22_2_60-64,28
E_22_2_65-69,23
E_22_2_70-74,20
E_22_2_75-79,16
E_22_2_80-84,19
E_22_2_85 y más,19
E_22_2_Menor de 1,26
E_23_1_10-14,35
E_23_1_15-19,24
E_23_1_20-24,29
E_23_1_25-29,49
E_23_1_5-9,47
E_23_2_15-19,45
E_23_2_5-9,39
E_24_1_15-19,13
E_24_1_20-24,13
E_24_1_25-29,21
E_24_1_30-34,24
E_24_1_80-84,33
E_24_1_85 y más,37
E_24_1_Menor de 1,37
E_24_2_10-14,19
E_24_2_15-19,23
E_24_2_20-24,33
E_24_2_25-29,39
E_24_2_5-9,34
E_24_2_Menor de 1,35
E_88_1_1-4,1
E_88_1_15-19,6
E_88_1_20-24,1
E_88_1_30-34,3
E_88_1_35-39,3
E_88_1_40-44,1
E_88_1_45-49,2
E_88_1_5-9,1
E_88_1_50-54,3
E_88_1_55-59,2
E_88_1_65-69,2
E_88_1_70-74,5
E_88_1_85 y más,1
E_88_2_1-4,4
E_88_2_10-14,2
E_88_2_15-19,5
E_88_2_20-24,4
E_88_2_25-29,8
E_88_2_30-34,9
E_88_2_35-39,3
E_88_2_40-44,11
E_88_2_45-49,11
E_88_2_5-9,1
E_88_2_50-54,6
E_88_2_55-59,10
E_88_2_60-64,7
E_88_2_65-69,6
E_88_2_70-74,2
E_88_2_75-79,3
E_88_2_80-84,1
E_88_2_85 y más,1
E_88_2_Menor de 1,2
F_01_1_1-4,28
F_01_1_5-9,16
F_01_1_70-74,43
F_01_1_80-84,45
F_01_1_85 y más,40
F_01_1_Menor de 1,3
F_01_2_1-4,6
F_01_2_5-9,11
F_01_2_70-74,43
F_01_2_75-79,37
F_01_2_80-84,29
F_01_2_Menor de 1,1
F_02_1_1-4,2
F_02_1_10-14,9
F_02_1_15-19,27
F_02_1_20-24,48
F_02_1_25-29,23
F_02_1_30-34,15
F_02_1_35-39,16
F_02_1_40-44,11
F_02_1_45-49,15
F_02_1_5-9,4
F_02_1_50-54,10
F_02_1_55-59,16
F_02_1_60-64,6
F_02_1_65-69,5
F_02_1_70-74,4
F_02_1_75-79,7
F_02_1_80-84,4
F_02_1_85 y más,6
F_02_2_1-4,1
F_02_2_10-14,32
F_02_2_20-24,35
F_02_2_25-29,26
F_02_2_30-34,12
F_02_2_35-39,13
F_02_2_40-44,16
F_02_2_45-49,15
F_02_2_5-9,4
F_02_2_50-54,10
F_02_2_55-59,16
F_02_2_60-64,5
F_02_2_65-69,9
F_02_2_70-74,5
F_02_2_75-79,1
F_02_2_80-84,7
F_02_2_85 y más,7
F_03_1_1-4,1
F_03_1_10-14,17
F_03_1_5-9,4
F_03_1_55-59,49
F_03_1_60-64,46
F_03_1_65-69,24
F_03_1_70-74,21
F_03_1_75-79,13
F_03_1_80-84,13
F_03_1_85 y más,11
F_03_1_Menor de 1,1
F_03_2_1-4,3
F_03_2_25-29,40
F_03_2_35-39,46
F_03_2_40-44,30
F_03_2_45-49,28
F_03_2_5-9,1
F_03_2_50-54,33
F_03_2_55-59,33
F_03_2_60-64,22
F_03_2_65-69,33
F_03_2_70-74,26
F_03_2_75-79,20
F_03_2_80-84,16
F_03_2_85 y más,22
F_04_1_1-4,1
F_04_1_10-14,10
F_04_1_15-19,19
F_04_1_20-24,18
F_04_1_25-29,25
F_04_1_30-34,17
F_04_1_35-39,8
F_04_1_40-44,16
F_04_1_45-49,13
F_04_1_5-9,1
F_04_1_50-54,5
F_04_1_55-59,5
F_04_1_60-64,8
F_04_1_65-69,2
F_04_1_70-74,1
F_04_1_75-79,3
F_04_1_85 y más,1
F_04_2_1-4,2
F_04_2_10-14,19
F_04_2_15-19,38
F_04_2_20-24,32
F_04_2_25-29,20
F_04_2_30-34,19
F_04_2_35-39,13
F_04_2_40-44,12
F_04_2_45-49,9
F_04_2_5-9,5
F_04_2_50-54,13
F_04_2_55-59,4
F_04_2_60-64,3
F_04_2_65-69,2
F_04_2_75-79,1
F_04_2_80-84,1
F_04_2_85 y más,4
F_05_1_1-4,4
F_05_1_10-14,28
F_05_1_40-44,27
F_05_1_45-49,24
F_05_1_5-9,10
F_05_1_50-54,32
F_05_1_55-59,25
F_05_1_60-64,3
F_05_1_65-69,13
F_05_1_70-74,10
F_05_1_75-79,8
F_05_1_80-84,6
F_05_1_85 y más,10
F_05_1_Menor de 1,3
F_05_2_1-4,2
F_05_2_40-44,37
F_05_2_45-49,28
F_05_2_5-9,7
F_05_2_50-54,30
F_05_2_55-59,32
F_05_2_60-64,14
F_05_2_65-69,6
F_05_2_70-74,12
F_05_2_75-79,11
F_05_2_80-84,6
F_05_2_85 y más,8
F_05_2_Menor de 1,4
F_06_1_1-4,2
F_06_1_10-14,39
F_06_1_45-49,46
F_06_1_5-9,7
F_06_1_50-54,42
F_06_1_55-59,37
F_06_1_60-64,22
F_06_1_65-69,16
F_06_1_70-74,15
F_06_1_75-79,13
F_06_1_80-84,9
F_06_1_85 y más,15
F_06_2_1-4,2
F_06_2_45-49,42
F_06_2_5-9,1
F_06_2_50-54,46
F_06_2_55-59,31
F_06_2_60-64,45
F_06_2_65-69,27
F_06_2_70-74,24
F_06_2_75-79,14
F_06_2_80-84,23
F_06_2_85 y más,28
F_06_2_Menor de 1,1
F_07_1_1-4,9
F_07_1_10-14,9
F_07_1_15-19,45
F_07_1_30-34,47
F_07_1_40-44,38
F_07_1_45-49,35
F_07_1_5-9,1
F_07_1_50-54,22
F_07_1_55-59,21
F_07_1_60-64,12
F_07_1_65-69,19
F_07_1_70-74,12
F_07_1_75-79,4
F_07_1_80-84,3
F_07_1_85 y más,10
F_07_1_Menor de 1,3
F_07_2_1-4,2
F_07_2_10-14,45
F_07_2_25-29,39
F_07_2_30-34,25
F_07_2_40-44,44
F_07_2_45-49,28
F_07_2_5-9,3
F_07_2_50-54,22
F_07_2_55-59,17
F_07_2_60-64,15
F_07_2_65-69,16
F_07_2_70-74,13
F_07_2_75-79,3
F_07_2_80-84,9
F_07_2_85 y más,20
F_08_1_1-4,4
F_08_1_10-14,14
F_08_1_35-39,46
F_08_1_40-44,35
F_08_1_45-49,23
F_08_1_5-9,1
F_08_1_50-54,12
F_08_1_55-59,15
F_08_1_60-64,5
F_08_1_65-69,6
F_08_1_70-74,11
F_08_1_75-79,3
F_08_1_80-84,6
F_08_1_85 y más,3
F_08_2_1-4,1
F_08_2_10-14,35
F_08_2_40-44,47
F_08_2_45-49,30
F_08_2_5-9,2
F_08_2_50-54,29
F_08_2_55-59,31
F_08_2_60-64,19
F_08_2_65-69,10
F_08_2_70-74,7
F_08_2_75-79,5
F_08_2_80-84,1
F_08_2_85 y más,1
F_08_2_Menor de 1,3
F_09_1_75-79,45
F_09_1_80-84,33
F_09_1_85 y más,23
F_09_1_Menor de 1,15
F_09_2_5-9,46
F_09_2_75-79,36
F_09_2_80-84,21
F_09_2_85 y más,36
F_09_2_Menor de 1,24
F_10_1_1-4,8
F_10_1_10-14,49
F_10_1_45-49,29
F_10_1_5-9,19
F_10_1_50-54,31
F_10_1_55-59,18
F_10_1_60-64,21
F_10_1_65-69,13
F_10_1_70-74,18
F_10_1_75-79,14
F_10_1_80-84,12
F_10_1_85 y más,14
F_10_1_Menor de 1,2
F_10_2_1-4,9
F_10_2_5-9,13
F_10_2_55-59,37
F_10_2_60-64,43
F_10_2_65-69,26
F_10_2_70-74,19
F_10_2_75-79,14
F_10_2_80-84,8
F_10_2_85 y más,17
F_10_2_Menor de 1,1
F_11_1_1-4,4
F_11_1_10-14,29
F_11_1_5-9,19
F_11_1_50-54,35
F_11_1_55-59,48
F_11_1_60-64,38
F_11_1_65-69,44
F_11_1_70-74,15
F_11_1_75-79,19
F_11_1_80-84,14
F_11_1_85 y más,26
F_11_2_1-4,4
F_11_2_5-9,10
F_11_2_50-54,35
F_11_2_55-59,29
F_11_2_60-64,34
F_11_2_65-69,29
F_11_2_70-74,15
F_11_2_75-79,19
F_11_2_80-84,19
F_11_2_85 y más,35
F_12_1_1-4,7
F_12_1_10-14,15
F_12_1_35-39,37
F_12_1_40-44,35
F_12_1_45-49,28
F_12_1_5-9,5
F_12_1_50-54,15
F_12_1_55-59,20
F_12_1_60-64,16
F_12_1_65-69,11
F_12_1_70-74,7
F_12_1_75-79,11
F_12_1_80-84,8
F_12_1_85 y más,5
F_12_1_Menor de 1,3
F_12_2_1-4,6
F_12_2_10-14,27
F_12_2_35-39,40
F_12_2_40-44,33
F_12_2_45-49,29
F_12_2_5-9,4
F_12_2_50-54,37
F_12_2_55-59,26
F_12_2_60-64,10
F_12_2_65-69,4
F_12_2_70-74,9
F_12_2_75-79,3
F_12_2_80-84,7
F_12_2_85 y más,7
F_12_2_Menor de 1,3
F_13_1_1-4,38
F_13_1_10-14,45
F_13_1_45-49,44
F_13_1_5-9,29
F_13_1_50-54,41
F_13_1_55-59,45
F_13_1_60-64,47
F_13_1_65-69,24
F_13_1_70-74,23
F_13_1_75-79,25
F_13_1_80-84,21
F_13_1_85 y más,27
F_13_1_Menor de 1,4
F_13_2_1-4,26
F_13_2_5-9,18
F_13_2_55-59,38
F_13_2_60-64,46
F_13_2_65-69,35
F_13_2_70-74,26
F_13_2_75-79,17
F_13_2_80-84,25
F_13_2_85 y más,35
F_13_2_Menor de 1,7
F_14_1_1-4,3
F_14_1_10-14,4
F_14_1_15-19,29
F_14_1_20-24,38
F_14_1_25-29,31
F_14_1_30-34,18
F_14_1_35-39,36
F_14_1_40-44,35
F_14_1_45-49,20
F_14_1_5-9,2
F_14_1_50-54,12
F_14_1_55-59,14
F_14_1_60-64,15
F_14_1_65-69,11
F_14_1_70-74,3
F_14_1_80-84,1
F_14_1_85 y más,2
F_14_2_1-4,2
F_14_2_10-14,28
F_14_2_15-19,39
F_14_2_20-24,17
F_14_2_25-29,13
F_14_2_30-34,12
F_14_2_35-39,12
F_14_2_40-44,10
F_14_2_45-49,7
F_14_2_5-9,1
F_14_2_50-54,10
F_14_2_55-59,7
F_14_2_60-64,6
F_14_2_65-69,4
F_14_2_70-74,3
F_14_2_75-79,4
F_14_2_80-84,1
F_14_2_85 y más,2
F_14_2_Menor de 1,1
F_15_1_10-14,2
F_15_1_15-19,9
F_15_1_20-24,12
F_15_1_25-29,17
F_15_1_30-34,16
F_15_1_35-39,15
F_15_1_40-44,6
F_15_1_45-49,7
F_15_1_5-9,1
F_15_1_50-54,3
F_15_1_55-59,2
F_15_1_60-64,2
F_15_1_65-69,2
F_15_1_70-74,1
F_15_1_75-79,1
F_15_1_80-84,1
F_15_1_85 y más,1
F_15_2_10-14,11
F_15_2_15-19,15
F_15_2_20-24,17
F_15_2_25-29,17
F_15_2_30-34,9
F_15_2_35-39,13
F_15_2_40-44,8
F_15_2_45-49,13
F_15_2_5-9,1
F_15_2_50-54,4
F_15_2_55-59,1
F_15_2_75-79,2
F_15_2_85 y más,1
F_16_1_1-4,1
F_16_1_10-14,4
F_16_1_15-19,25
F_16_1_20-24,28
F_16_1_25-29,32
F_16_1_30-34,19
F_16_1_35-39,23
F_16_1_40-44,9
F_16_1_45-49,7
F_16_1_5-9,1
F_16_1_50-54,2
F_16_1_55-59,7
F_16_1_60-64,3
F_16_1_65-69,3
F_16_1_70-74,2
F_16_1_80-84,4
F_16_1_85 y más,3
F_16_2_10-14,18
F_16_2_15-19,34
F_16_2_20-24,20
F_16_2_25-29,30
F_16_2_30-34,21
F_16_2_35-39,16
F_16_2_40-44,10
F_16_2_45-49,8
F_16_2_50-54,3
F_16_2_55-59,5
F_16_2_60-64,4
F_16_2_65-69,3
F_16_2_70-74,1
F_16_2_75-79,1
F_16_2_80-84,1
F_16_2_85 y más,2
F_16_2_Menor de 1,1
F_17_1_1-4,33
F_17_1_5-9,33
F_17_1_Menor de 1,3
F_17_2_1-4,21
F_17_2_5-9,44
F_17_2_Menor de 1,8
F_18_1_1-4,15
F_18_1_5-9,19
F_18_1_55-59,41
F_18_1_65-69,22
F_18_1_70-74,22
F_18_1_75-79,12
F_18_1_80-84,16
F_18_1_85 y más,23
F_18_1_Menor de 1,2
F_18_2_1-4,9
F_18_2_5-9,7
F_18_2_65-69,38
F_18_2_70-74,28
F_18_2_75-79,34
F_18_2_80-84,16
F_18_2_85 y más,22
F_18_2_Menor de 1,3
F_19_1_1-4,1
F_19_1_10-14,2
F_19_1_15-19,15
F_19_1_20-24,20
F_19_1_25-29,24
F_19_1_30-34,9
F_19_1_35-39,9
F_19_1_40-44,3
F_19_1_45-49,12
F_19_1_50-54,14
F_19_1_55-59,8
F_19_1_60-64,5
F_19_1_65-69,1
F_19_1_70-74,3
F_19_1_80-84,2
F_19_1_85 y más,3
F_19_2_10-14,13
F_19_2_15-19,21
F_19_2_20-24,18
F_19_2_25-29,30
F_19_2_30-34,19
F_19_2_35-39,19
F_19_2_40-44,12
F_19_2_45-49,7
F_19_2_5-9,3
F_19_2_50-54,5
F_19_2_55-59,3
F_19_2_60-64,3
F_19_2_65-69,4
F_19_2_70-74,4
F_19_2_75-79,1
F_19_2_80-84,2
F_19_2_85 y más,3
F_20_1_1-4,1
F_20_1_10-14,3
F_20_1_15-19,19
F_20_1_20-24,28
F_20_1_25-29,19
F_20_1_30-34,12
F_20_1_35-39,11
F_20_1_40-44,9
F_20_1_45-49,14
F_20_1_5-9,2
F_20_1_50-54,7
F_20_1_55-59,1
F_20_1_60-64,5
F_20_1_65-69,4
F_20_1_70-74,2
F_20_1_75-79,4
F_20_1_Menor de 1,1
F_20_2_1-4,1
F_20_2_10-14,13
F_20_2_15-19,21
F_20_2_20-24,9
F_20_2_25-29,18
F_20_2_30-34,7
F_20_2_35-39,13
F_20_2_40-44,7
F_20_2_45-49,14
F_20_2_50-54,4
F_20_2_55-59,9
F_20_2_60-64,5
F_20_2_65-69,3
F_21_1_10-14,3
F_21_1_15-19,8
F_21_1_20-24,12
F_21_1_25-29,11
F_21_1_30-34,14
F_21_1_35-39,7
F_21_1_40-44,7
F_21_1_45-49,3
F_21_1_50-54,2
F_21_1_55-59,6
F_21_1_60-64,2
F_21_1_75-79,1
F_21_1_80-84,3
F_21_1_85 y más,1
F_21_2_10-14,5
F_21_2_15-19,16
F_21_2_20-24,11
F_21_2_25-29,10
F_21_2_30-34,5
F_21_2_35-39,11
F_21_2_40-44,4
F_21_2_45-49,13
F_21_2_50-54,6
F_21_2_55-59,1
F_21_2_60-64,3
F_21_2_65-69,2
F_21_2_70-74,2
F_21_2_80-84,1
F_21_2_85 y más,2
F_22_1_1-4,1
F_22_1_15-19,8
F_22_1_20-24,11
F_22_1_25-29,15
F_22_1_30-34,10
F_22_1_35-39,11
F_22_1_40-44,3
F_22_1_45-49,5
F_22_1_5-9,1
F_22_1_50-54,2
F_22_1_55-59,3
F_22_1_60-64,5
F_22_1_65-69,1
F_22_1_70-74,1
F_22_1_75-79,1
F_22_1_80-84,2
F_22_2_1-4,3
F_22_2_10-14,11
F_22_2_15-19,8
F_22_2_20-24,10
F_22_2_25-29,14
F_22_2_30-34,6
F_22_2_35-39,6
F_22_2_40-44,4
F_22_2_45-49,3
F_22_2_5-9,1
F_22_2_50-54,3
F_22_2_55-59,3
F_22_2_60-64,1
F_22_2_70-74,2
F_22_2_80-84,2
F_22_2_85 y más,2
F_23_1_1-4,15
F_23_1_10-14,16
F_23_1_30-34,43
F_23_1_35-39,32
F_23_1_40-44,33
F_23_1_45-49,35
F_23_1_5-9,18
F_23_1_50-54,13
F_23_1_55-59,18
F_23_1_60-64,9
F_23_1_65-69,14
F_23_1_70-74,15
F_23_1_75-79,2
F_23_1_80-84,7
F_23_1_85 y más,6
F_23_1_Menor de 1,1
F_23_2_1-4,14
F_23_2_10-14,46
F_23_2_40-44,49
F_23_2_45-49,32
F_23_2_5-9,8
F_23_2_50-54,25
F_23_2_55-59,22
F_23_2_60-64,10
F_23_2_65-69,11
F_23_2_70-74,9
F_23_2_75-79,10
F_23_2_80-84,6
F_23_2_85 y más,8
F_23_2_Menor de 1,2
F_24_1_1-4,5
F_24_1_10-14,10
F_24_1_15-19,35
F_24_1_20-24,43
F_24_1_25-29,36
F_24_1_30-34,25
F_24_1_35-39,12
F_24_1_40-44,15
F_24_1_45-49,13
F_24_1_5-9,4
F_24_1_50-54,10
F_24_1_55-59,11
F_24_1_60-64,4
F_24_1_65-69,6
F_24_1_70-74,2
F_24_1_75-79,2
F_24_1_80-84,1
F_24_2_1-4,2
F_24_2_10-14,23
F_24_2_15-19,34
F_24_2_20-24,35
F_24_2_25-29,21
F_24_2_30-34,28
F_24_2_35-39,14
F_24_2_40-44,9
F_24_2_45-49,16
F_24_2_5-9,2
F_24_2_50-54,13
F_24_2_55-59,6
F_24_2_60-64,9
F_24_2_65-69,4
F_24_2_70-74,3
F_24_2_75-79,4
F_24_2_80-84,4
F_24_2_85 y más,1
F_24_2_Menor de 1,2
F_88_1_15-19,3
F_88_1_20-24,3
F_88_1_25-29,3
F_88_1_30-34,1
F_88_1_35-39,1
F_88_1_50-54,1
F_88_1_55-59,1
F_88_1_60-64,1
F_88_1_65-69,1
F_88_2_15-19,1
F_88_2_20-24,1
F_88_2_25-29,1
F_88_2_30-34,3
F_88_2_40-44,1
F_88_2_50-54,1
F_88_2_55-59,1
F_88_2_60-64,1
F_88_2_65-69,1
G_02_1_1-4,23
G_02_1_10-14,21
G_02_1_15-19,24
G_02_1_20-24,11
G_02_1_25-29,12
G_02_1_30-34,14
G_02_1_35-39,10
G_02_1_40-44,10
G_02_1_45-49,9
G_02_1_5-9,30
G_02_1_50-54,17
G_02_1_55-59,8
G_02_1_60-64,10
G_02_1_65-69,7
G_02_1_70-74,13
G_02_1_75-79,19
G_02_1_80-84,10
G_02_1_85 y más,6
G_02_1_Menor de 1,7
G_02_2_1-4,19
G_02_2_10-14,26
G_02_2_15-19,22
G_02_2_20-24,25
G_02_2_25-29,13
G_02_2_30-34,12
G_02_2_35-39,19
G_02_2_40-44,13
G_02_2_45-49,8
G_02_2_5-9,19
G_02_2_50-54,7
G_02_2_55-59,12
G_02_2_60-64,8
G_02_2_65-69,14
G_02_2_70-74,13
G_02_2_75-79,10
G_02_2_80-84,5
G_02_2_85 y más,11
G_02_2_Menor de 1,17
G_03_1_20-24,38
G_03_1_25-29,27
G_03_1_30-34,26
G_03_1_35-39,35
G_03_1_40-44,22
G_03_1_45-49,27
G_03_1_50-54,19
G_03_1_55-59,30
G_03_1_60-64,32
G_03_1_65-69,36
G_03_1_70-74,25
G_03_1_75-79,27
G_03_1_80-84,22
G_03_1_85 y más,20
G_03_1_Menor de 1,45
G_03_2_10-14,45
G_03_2_15-19,46
G_03_2_20-24,31
G_03_2_25-29,26
G_03_2_30-34,28
G_03_2_35-39,18
G_03_2_40-44,32
G_03_2_45-49,26
G_03_2_5-9,45
G_03_2_50-54,39
G_03_2_55-59,23
G_03_2_60-64,25
G_03_2_65-69,32
G_03_2_70-74,28
G_03_2_75-79,34
G_03_2_80-84,34
G_03_2_85 y más,24
G_03_2_Menor de 1,32
G_04_1_1-4,27
G_04_1_10-14,22
G_04_1_15-19,23
G_04_1_20-24,24
G_04_1_25-29,20
G_04_1_30-34,6
G_04_1_35-39,15
G_04_1_40-44,12
G_04_1_45-49,8
G_04_1_5-9,27
G_04_1_50-54,9
G_04_1_55-59,19
G_04_1_60-64,10
G_04_1_65-69,9
G_04_1_70-74,5
G_04_1_75-79,15
G_04_1_80-84,14
G_04_1_85 y más,5
G_04_1_Menor de 1,15
G_04_2_1-4,29
G_04_2_10-14,16
G_04_2_15-19,13
G_04_2_20-24,12
G_04_2_25-29,11
G_04_2_30-34,16
G_04_2_35-39,6
G_04_2_40-44,14
G_04_2_45-49,10
G_04_2_5-9,20
G_04_2_50-54,28
G_04_2_55-59,15
G_04_2_60-64,16
G_04_2_65-69,11
G_04_2_70-74,8
G_04_2_75-79,12
G_04_2_80-84,5
G_04_2_85 y más,8
G_04_2_Menor de 1,12
G_05_1_1-4,48
G_05_1_30-34,43
G_05_1_35-39,40
G_05_1_40-44,22
G_05_1_45-49,32
G_05_1_50-54,38
G_05_1_55-59,32
G_05_1_60-64,20
G_05_1_65-69,29
G_05_1_70-74,24
G_05_1_75-79,31
G_05_1_80-84,22
G_05_1_85 y más,8
G_05_2_20-24,45
G_05_2_25-29,27
G_05_2_30-34,33
G_05_2_35-39,34
G_05_2_40-44,40
G_05_2_45-49,37
G_05_2_5-9,40
G_05_2_50-54,32
G_05_2_55-59,16
G_05_2_60-64,28
G_05_2_65-69,23
G_05_2_70-74,17
G_05_2_75-79,23
G_05_2_80-84,18
G_05_2_85 y más,16
G_05_2_Menor de 1,34
G_06_1_25-29,42
G_06_1_30-34,27
G_06_1_40-44,37
G_06_1_45-49,42
G_06_1_50-54,38
G_06_1_55-59,33
G_06_1_60-64,40
G_06_1_65-69,40
G_06_1_70-74,29
G_06_1_75-79,32
G_06_1_80-84,17
G_06_1_85 y más,28
G_06_1_Menor de 1,34
G_06_2_20-24,39
G_06_2_40-44,43
G_06_2_45-49,36
G_06_2_55-59,34
G_06_2_60-64,41
G_06_2_65-69,30
G_06_2_70-74,32
G_06_2_75-79,41
G_06_2_80-84,39
G_06_2_85 y más,43
G_06_2_Menor de 1,21
G_07_1_20-24,37
G_07_1_30-34,37
G_07_1_35-39,46
G_07_1_50-54,35
G_07_1_70-74,45
G_07_1_75-79,39
G_07_1_80-84,28
G_07_1_85 y más,40
G_07_2_30-34,36
G_07_2_35-39,36
G_07_2_40-44,39
G_07_2_45-49,34
G_07_2_50-54,48
G_07_2_55-59,42
G_07_2_65-69,40
G_07_2_70-74,39
G_07_2_75-79,34
G_07_2_80-84,18
G_07_2_85 y más,39
G_08_1_15-19,45
G_08_1_20-24,35
G_08_1_25-29,30
G_08_1_35-39,31
G_08_1_40-44,30
G_08_1_45-49,25
G_08_1_50-54,20
G_08_1_55-59,22
G_08_1_60-64,35
G_08_1_65-69,32
G_08_1_70-74,28
G_08_1_75-79,32
G_08_1_80-84,18
G_08_1_85 y más,12
G_08_1_Menor de 1,32
G_08_2_15-19,37
G_08_2_20-24,38
G_08_2_25-29,33
G_08_2_30-34,45
G_08_2_35-39,37
G_08_2_45-49,34
G_08_2_50-54,28
G_08_2_55-59,28
G_08_2_60-64,28
G_08_2_65-69,28
G_08_2_70-74,27
G_08_2_75-79,23
G_08_2_80-84,15
G_08_2_85 y más,17
G_08_2_Menor de 1,21
G_10_1_30-34,48
G_10_1_45-49,41
G_10_1_50-54,39
G_10_1_55-59,42
G_10_1_60-64,45
G_10_1_65-69,48
G_10_1_70-74,35
G_10_1_75-79,41
G_10_1_80-84,30
G_10_1_85 y más,29
G_10_2_70-74,45
G_10_2_75-79,39
G_10_2_80-84,25
G_10_2_85 y más,28
G_11_1_20-24,35
G_11_1_55-59,44
G_11_1_75-79,46
G_11_1_Menor de 1,46
G_11_2_30-34,48
G_11_2_55-59,42
G_11_2_60-64,38
G_11_2_65-69,46
G_11_2_75-79,41
G_11_2_80-84,45
G_11_2_Menor de 1,35
G_12_1_35-39,47
G_12_1_45-49,43
G_12_1_50-54,31
G_12_1_55-59,45
G_12_1_60-64,46
G_12_1_65-69,45
G_12_1_70-74,27
G_12_1_75-79,29
G_12_1_80-84,20
G_12_1_85 y más,26
G_12_1_Menor de 1,44
G_12_2_20-24,41
G_12_2_25-29,37
G_12_2_30-34,27
G_12_2_35-39,45
G_12_2_45-49,38
G_12_2_50-54,39
G_12_2_60-64,28
G_12_2_65-69,27
G_12_2_70-74,35
G_12_2_75-79,30
G_12_2_80-84,21
G_12_2_85 y más,31
G_12_2_Menor de 1,46
G_14_1_1-4,39
G_14_1_20-24,38
G_14_1_25-29,30
G_14_1_30-34,22
G_14_1_35-39,16
G_14_1_40-44,9
G_14_1_45-49,9
G_14_1_5-9,39
G_14_1_50-54,12
G_14_1_55-59,10
G_14_1_60-64,11
G_14_1_65-69,17
G_14_1_70-74,13
G_14_1_75-79,11
G_14_1_80-84,12
G_14_1_85 y más,7
G_14_1_Menor de 1,14
G_14_2_10-14,39
G_14_2_15-19,41
G_14_2_20-24,35
G_14_2_25-29,18
G_14_2_30-34,17
G_14_2_35-39,19
G_14_2_40-44,20
G_14_2_45-49,14
G_14_2_50-54,12
G_14_2_55-59,14
G_14_2_60-64,27
G_14_2_65-69,9
G_14_2_70-74,13
G_14_2_75-79,11
G_14_2_80-84,5
G_14_2_85 y más,8
G_14_2_Menor de 1,20
G_15_1_1-4,32
G_15_1_10-14,19
G_15_1_15-19,13
G_15_1_20-24,16
G_15_1_25-29,13
G_15_1_30-34,4
G_15_1_35-39,7
G_15_1_40-44,11
G_15_1_45-49,4
G_15_1_5-9,12
G_15_1_50-54,8
G_15_1_55-59,5
G_15_1_60-64,7
G_15_1_65-69,6
G_15_1_70-74,7
G_15_1_75-79,1
G_15_1_80-84,3
G_15_1_85 y más,4
G_15_1_Menor de 1,16
G_15_2_1-4,29
G_15_2_10-14,17
G_15_2_15-19,15
G_15_2_20-24,10
G_15_2_25-29,22
G_15_2_30-34,9
G_15_2_35-39,6
G_15_2_40-44,5
G_15_2_45-49,7
G_15_2_5-9,27
G_15_2_50-54,9
G_15_2_55-59,11
G_15_2_60-64,7
G_15_2_65-69,5
G_15_2_70-74,6
G_15_2_75-79,1
G_15_2_85 y más,2
G_15_2_Menor de 1,16
G_16_1_1-4,17
G_16_1_10-14,19
G_16_1_15-19,7
G_16_1_20-24,15
G_16_1_25-29,12
G_16_1_30-34,14
G_16_1_35-39,12
G_16_1_40-44,9
G_16_1_45-49,5
G_16_1_5-9,18
G_16_1_50-54,8
G_16_1_55-59,11
G_16_1_60-64,6
G_16_1_65-69,9
G_16_1_70-74,1
G_16_1_75-79,2
G_16_1_80-84,4
G_16_1_85 y más,1
G_16_1_Menor de 1,9
G_16_2_1-4,22
G_16_2_10-14,15
G_16_2_15-19,13
G_16_2_20-24,16
G_16_2_25-29,11
G_16_2_30-34,14
G_16_2_35-39,10
G_16_2_40-44,13
G_16_2_45-49,4
G_16_2_5-9,21
G_16_2_50-54,10
G_16_2_55-59,8
G_16_2_60-64,8
G_16_2_65-69,3
G_16_2_70-74,4
G_16_2_75-79,4
G_16_2_85 y más,3
G_16_2_Menor de 1,14
G_18_1_35-39,36
G_18_1_50-54,48
G_18_1_55-59,49
G_18_1_75-79,49
G_18_1_85 y más,42
G_18_1_Menor de 1,48
G_18_2_20-24,32
G_18_2_50-54,49
G_18_2_65-69,44
G_18_2_70-74,44
G_18_2_80-84,39
G_18_2_85 y más,44
G_18_2_Menor de 1,24
G_19_1_1-4,31
G_19_1_10-14,41
G_19_1_15-19,48
G_19_1_20-24,33
G_19_1_25-29,29
G_19_1_30-34,16
G_19_1_35-39,9
G_19_1_40-44,12
G_19_1_45-49,6
G_19_1_5-9,38
G_19_1_50-54,9
G_19_1_55-59,8
G_19_1_60-64,8
G_19_1_65-69,4
G_19_1_70-74,11
G_19_1_75-79,5
G_19_1_80-84,2
G_19_1_85 y más,7
G_19_1_Menor de 1,13
G_19_2_1-4,30
G_19_2_10-14,35
G_19_2_15-19,37
G_19_2_20-24,37
G_19_2_25-29,18
G_19_2_30-34,24
G_19_2_35-39,7
G_19_2_40-44,18
G_19_2_45-49,9
G_19_2_5-9,29
G_19_2_50-54,13
G_19_2_55-59,9
G_19_2_60-64,5
G_19_2_65-69,10
G_19_2_70-74,6
G_19_2_75-79,4
G_19_2_80-84,1
G_19_2_85 y más,3
G_19_2_Menor de 1,11
G_20_1_1-4,4
G_20_1_10-14,3
G_20_1_15-19,13
G_20_1_20-24,4
G_20_1_25-29,2
G_20_1_30-34,11
G_20_1_35-39,4
G_20_1_40-44,4
G_20_1_45-49,3
G_20_1_5-9,5
G_20_1_50-54,2
G_20_1_55-59,7
G_20_1_60-64,4
G_20_1_70-74,5
G_20_1_75-79,1
G_20_1_85 y más,1
G_20_1_Menor de 1,2
G_20_2_1-4,6
G_20_2_10-14,8
G_20_2_15-19,4
G_20_2_20-24,3
G_20_2_25-29,7
G_20_2_30-34,5
G_20_2_35-39,3
G_20_2_40-44,3
G_20_2_45-49,7
G_20_2_5-9,6
G_20_2_50-54,3
G_20_2_60-64,3
G_20_2_65-69,2
G_20_2_70-74,2
G_20_2_85 y más,1
G_20_2_Menor de 1,6
G_21_1_1-4,33
G_21_1_10-14,41
G_21_1_15-19,33
G_21_1_20-24,18
G_21_1_25-29,29
G_21_1_30-34,13
G_21_1_35-39,22
G_21_1_40-44,19
G_21_1_45-49,8
G_21_1_5-9,43
G_21_1_50-54,11
G_21_1_55-59,10
G_21_1_60-64,20
G_21_1_65-69,9
G_21_1_70-74,15
G_21_1_75-79,8
G_21_1_80-84,11
G_21_1_85 y más,8
G_21_1_Menor de 1,30
G_21_2_1-4,26
G_21_2_10-14,21
G_21_2_15-19,23
G_21_2_20-24,21
G_21_2_25-29,24
G_21_2_30-34,26
G_21_2_35-39,10
G_21_2_40-44,10
G_21_2_45-49,14
G_21_2_5-9,26
G_21_2_50-54,12
G_21_2_55-59,9
G_21_2_60-64,10
G_21_2_65-69,6
G_21_2_70-74,7
G_21_2_75-79,6
G_21_2_80-84,2
G_21_2_85 y más,6
G_21_2_Menor de 1,18
G_22_1_1-4,19
G_22_1_10-14,13
G_22_1_15-19,12
G_22_1_20-24,15
G_22_1_25-29,7
G_22_1_30-34,13
G_22_1_35-39,7
G_22_1_40-44,9
G_22_1_45-49,4
G_22_1_5-9,18
G_22_1_50-54,10
G_22_1_55-59,5
G_22_1_60-64,2
G_22_1_65-69,7
G_22_1_70-74,5
G_22_1_75-79,1
G_22_1_85 y más,2
G_22_1_Menor de 1,10
G_22_2_1-4,22
G_22_2_10-14,19
G_22_2_15-19,6
G_22_2_20-24,10
G_22_2_25-29,6
G_22_2_30-34,6
G_22_2_35-39,9
G_22_2_40-44,11
G_22_2_45-49,13
G_22_2_5-9,12
G_22_2_50-54,6
G_22_2_55-59,3
G_22_2_60-64,5
G_22_2_65-69,4
G_22_2_70-74,4
G_22_2_75-79,3
G_22_2_85 y más,4
G_22_2_Menor de 1,14
G_23_1_45-49,31
G_23_1_50-54,42
G_23_1_55-59,45
G_23_1_65-69,44
G_23_1_75-79,42
G_23_1_80-84,32
G_23_1_85 y más,31
G_23_2_20-24,36
G_23_2_25-29,43
G_23_2_30-34,43
G_23_2_35-39,47
G_23_2_50-54,44
G_23_2_60-64,34
G_23_2_65-69,34
G_23_2_70-74,34
G_23_2_75-79,36
G_23_2_80-84,31
G_23_2_85 y más,32
G_23_2_Menor de 1,44
G_24_1_1-4,45
G_24_1_10-14,32
G_24_1_15-19,20
G_24_1_20-24,17
G_24_1_25-29,15
G_24_1_30-34,23
G_24_1_35-39,17
G_24_1_40-44,22
G_24_1_45-49,19
G_24_1_5-9,38
G_24_1_50-54,26
G_24_1_55-59,20
G_24_1_60-64,24
G_24_1_65-69,22
G_24_1_70-74,25
G_24_1_75-79,22
G_24_1_80-84,11
G_24_1_85 y más,10
G_24_1_Menor de 1,30
G_24_2_1-4,34
G_24_2_10-14,32
G_24_2_15-19,22
G_24_2_20-24,20
G_24_2_25-29,28
G_24_2_30-34,17
G_24_2_35-39,24
G_24_2_40-44,23
G_24_2_45-49,24
G_24_2_5-9,46
G_24_2_50-54,15
G_24_2_55-59,19
G_24_2_60-64,24
G_24_2_65-69,21
G_24_2_70-74,18
G_24_2_75-79,15
G_24_2_80-84,14
G_24_2_85 y más,15
G_24_2_Menor de 1,34
G_88_1_1-4,1
G_88_1_10-14,1
G_88_1_25-29,1
G_88_1_30-34,3
G_88_1_40-44,1
G_88_1_45-49,1
G_88_1_5-9,2
G_88_1_50-54,1
G_88_1_55-59,1
G_88_1_65-69,1
G_88_1_70-74,2
G_88_1_80-84,1
G_88_2_10-14,1
G_88_2_15-19,1
G_88_2_20-24,1
G_88_2_25-29,2
G_88_2_40-44,1
G_88_2_5-9,2
G_88_2_60-64,1
G_88_2_65-69,1
G_88_2_70-74,1
G_88_2_Menor de 1,1
H_01_1_10-14,45
H_01_1_20-24,37
H_01_1_Menor de 1,22
H_01_2_10-14,36
H_01_2_15-19,37
H_01_2_5-9,49
H_01_2_Menor de 1,23
H_02_1_1-4,15
H_02_1_10-14,11
H_02_1_15-19,3
H_02_1_20-24,3
H_02_1_25-29,9
H_02_1_30-34,11
H_02_1_35-39,10
H_02_1_40-44,17
H_02_1_45-49,8
H_02_1_5-9,6
H_02_1_50-54,5
H_02_1_55-59,3
H_02_1_60-64,7
H_02_1_65-69,9
H_02_1_70-74,9
H_02_1_75-79,9
H_02_1_80-84,7
H_02_1_85 y más,10
H_02_1_Menor de 1,5
H_02_2_1-4,9
H_02_2_10-14,5
H_02_2_15-19,6
H_02_2_20-24,4
H_02_2_25-29,3
H_02_2_30-34,9
H_02_2_35-39,18
H_02_2_40-44,8
H_02_2_45-49,7
H_02_2_5-9,10
H_02_2_50-54,9
H_02_2_55-59,4
H_02_2_60-64,13
H_02_2_65-69,11
H_02_2_70-74,9
H_02_2_75-79,6
H_02_2_80-84,5
H_02_2_85 y más,3
H_02_2_Menor de 1,6
H_03_1_1-4,20
H_03_1_10-14,11
H_03_1_15-19,13
H_03_1_20-24,10
H_03_1_25-29,13
H_03_1_30-34,15
H_03_1_35-39,7
H_03_1_40-44,9
H_03_1_45-49,4
H_03_1_5-9,10
H_03_1_50-54,4
H_03_1_55-59,14
H_03_1_60-64,20
H_03_1_65-69,26
H_03_1_70-74,15
H_03_1_75-79,21
H_03_1_80-84,7
H_03_1_85 y más,16
H_03_1_Menor de 1,4
H_03_2_1-4,13
H_03_2_10-14,6
H_03_2_15-19,7
H_03_2_20-24,4
H_03_2_25-29,6
H_03_2_30-34,15
H_03_2_35-39,9
H_03_2_40-44,16
H_03_2_45-49,13
H_03_2_5-9,21
H_03_2_50-54,13
H_03_2_55-59,17
H_03_2_60-64,21
H_03_2_65-69,24
H_03_2_70-74,24
H_03_2_75-79,24
H_03_2_80-84,22
H_03_2_85 y más,12
H_03_2_Menor de 1,4
H_04_1_1-4,8
H_04_1_10-14,5
H_04_1_15-19,4
H_04_1_20-24,4
H_04_1_25-29,4
H_04_1_30-34,7
H_04_1_35-39,5
H_04_1_40-44,10
H_04_1_45-49,4
H_04_1_5-9,8
H_04_1_50-54,2
H_04_1_55-59,2
H_04_1_60-64,3
H_04_1_65-69,6
H_04_1_70-74,2
H_04_1_75-79,8
H_04_1_80-84,1
H_04_1_85 y más,4
H_04_1_Menor de 1,3
H_04_2_1-4,11
H_04_2_10-14,3
H_04_2_15-19,2
H_04_2_20-24,1
H_04_2_25-29,6
H_04_2_30-34,3
H_04_2_35-39,7
H_04_2_40-44,5
H_04_2_45-49,5
H_04_2_5-9,2
H_04_2_50-54,7
H_04_2_55-59,5
H_04_2_60-64,3
H_04_2_65-69,4
H_04_2_70-74,2
H_04_2_75-79,7
H_04_2_85 y más,2
H_04_2_Menor de 1,5
H_05_1_1-4,19
H_05_1_10-14,17
H_05_1_15-19,20
H_05_1_20-24,20
H_05_1_25-29,20
H_05_1_30-34,29
H_05_1_35-39,24
H_05_1_40-44,37
H_05_1_45-49,32
H_05_1_5-9,28
H_05_1_50-54,30
H_05_1_55-59,28
H_05_1_60-64,25
H_05_1_65-69,32
H_05_1_70-74,31
H_05_1_75-79,25
H_05_1_80-84,18
H_05_1_85 y más,15
H_05_1_Menor de 1,9
H_05_2_1-4,12
H_05_2_10-14,15
H_05_2_15-19,9
H_05_2_20-24,20
H_05_2_25-29,18
H_05_2_30-34,22
H_05_2_35-39,30
H_05_2_40-44,45
H_05_2_45-49,37
H_05_2_5-9,27
H_05_2_50-54,25
H_05_2_55-59,25
H_05_2_60-64,32
H_05_2_65-69,32
H_05_2_70-74,33
H_05_2_75-79,41
H_05_2_80-84,22
H_05_2_85 y más,23
H_05_2_Menor de 1,6
H_06_1_1-4,47
H_06_1_10-14,30
H_06_1_15-19,38
H_06_1_20-24,27
H_06_1_5-9,21
H_06_1_85 y más,46
H_06_1_Menor de 1,6
H_06_2_1-4,28
H_06_2_10-14,32
H_06_2_15-19,32
H_06_2_20-24,35
H_06_2_5-9,26
H_06_2_Menor de 1,5
H_07_1_10-14,16
H_07_1_15-19,10
H_07_1_20-24,14
H_07_1_25-29,28
H_07_1_30-34,36
H_07_1_35-39,18
H_07_1_40-44,32
H_07_1_45-49,30
H_07_1_5-9,38
H_07_1_50-54,31
H_07_1_55-59,26
H_07_1_60-64,23
H_07_1_65-69,34
H_07_1_70-74,45
H_07_1_75-79,25
H_07_1_80-84,27
H_07_1_85 y más,6
H_07_1_Menor de 1,23
H_07_2_1-4,28
H_07_2_10-14,28
H_07_2_15-19,10
H_07_2_20-24,9
H_07_2_25-29,27
H_07_2_30-34,31
H_07_2_35-39,16
H_07_2_40-44,29
H_07_2_45-49,27
H_07_2_5-9,21
H_07_2_50-54,29
H_07_2_55-59,49
H_07_2_60-64,40
H_07_2_65-69,48
H_07_2_70-74,46
H_07_2_75-79,38
H_07_2_80-84,28
H_07_2_85 y más,13
H_07_2_Menor de 1,25
H_08_1_1-4,22
H_08_1_10-14,18
H_08_1_15-19,9
H_08_1_20-24,4
H_08_1_25-29,12
H_08_1_30-34,18
H_08_1_35-39,17
H_08_1_40-44,9
H_08_1_45-49,10
H_08_1_5-9,18
H_08_1_50-54,20
H_08_1_55-59,14
H_08_1_60-64,12
H_08_1_65-69,38
H_08_1_70-74,47
H_08_1_75-79,21
H_08_1_80-84,14
H_08_1_85 y más,11
H_08_1_Menor de 1,14
H_08_2_1-4,17
H_08_2_10-14,17
H_08_2_15-19,9
H_08_2_20-24,11
H_08_2_25-29,10
H_08_2_30-34,10
H_08_2_35-39,16
H_08_2_40-44,18
H_08_2_45-49,12
H_08_2_5-9,20
H_08_2_50-54,13
H_08_2_55-59,15
H_08_2_60-64,30
H_08_2_65-69,49
H_08_2_70-74,38
H_08_2_75-79,26
H_08_2_80-84,11
H_08_2_85 y más,5
H_08_2_Menor de 1,8
H_10_1_1-4,18
H_10_1_10-14,16
H_10_1_15-19,15
H_10_1_20-24,11
H_10_1_25-29,23
H_10_1_30-34,40
H_10_1_35-39,30
H_10_1_40-44,33
H_10_1_45-49,47
H_10_1_5-9,12
H_10_1_50-54,39
H_10_1_55-59,43
H_10_1_60-64,33
H_10_1_70-74,33
H_10_1_75-79,28
H_10_1_80-84,12
H_10_1_85 y más,24
H_10_1_Menor de 1,7
H_10_2_1-4,21
H_10_2_10-14,15
H_10_2_15-19,11
H_10_2_20-24,9
H_10_2_25-29,27
H_10_2_40-44,49
H_10_2_5-9,9
H_10_2_50-54,49
H_10_2_60-64,40
H_10_2_65-69,28
H_10_2_70-74,32
H_10_2_75-79,18
H_10_2_80-84,13
H_10_2_85 y más,6
H_10_2_Menor de 1,12
H_11_1_1-4,36
H_11_1_10-14,19
H_11_1_15-19,24
H_11_1_20-24,18
H_11_1_25-29,18
H_11_1_30-34,20
H_11_1_35-39,25
H_11_1_40-44,19
H_11_1_45-49,17
H_11_1_5-9,14
H_11_1_50-54,19
H_11_1_55-59,24
H_11_1_60-64,26
H_11_1_65-69,34
H_11_1_70-74,32
H_11_1_75-79,21
H_11_1_80-84,14
H_11_1_85 y más,20
H_11_1_Menor de 1,10
H_11_2_1-4,25
H_11_2_10-14,13
H_11_2_15-19,17
H_11_2_20-24,21
H_11_2_25-29,18
H_11_2_30-34,29
H_11_2_35-39,28
H_11_2_40-44,32
H_11_2_45-49,27
H_11_2_5-9,29
H_11_2_50-54,35
H_11_2_55-59,47
H_11_2_60-64,44
H_11_2_65-69,44
H_11_2_70-74,31
H_11_2_75-79,31
H_11_2_80-84,26
H_11_2_85 y más,18
H_11_2_Menor de 1,1
H_12_1_1-4,41
H_12_1_10-14,44
H_12_1_15-19,15
H_12_1_20-24,17
H_12_1_25-29,18
H_12_1_30-34,15
H_12_1_35-39,37
H_12_1_40-44,47
H_12_1_45-49,48
H_12_1_5-9,39
H_12_1_50-54,26
H_12_1_55-59,35
H_12_1_60-64,37
H_12_1_70-74,40
H_12_1_75-79,26
H_12_1_80-84,23
H_12_1_85 y más,12
H_12_1_Menor de 1,28
H_12_2_1-4,39
H_12_2_10-14,18
H_12_2_15-19,8
H_12_2_20-24,10
H_12_2_25-29,12
H_12_2_30-34,14
H_12_2_35-39,29
H_12_2_40-44,22
H_12_2_45-49,35
H_12_2_5-9,30
H_12_2_50-54,38
H_12_2_55-59,44
H_12_2_60-64,48
H_12_2_70-74,49
H_12_2_75-79,38
H_12_2_80-84,21
H_12_2_85 y más,15
H_12_2_Menor de 1,18
H_13_1_15-19,48
H_13_1_20-24,23
H_13_1_25-29,48
H_13_1_30-34,40
H_13_1_70-74,46
H_13_1_75-79,45
H_13_1_80-84,15
H_13_1_85 y más,16
H_13_1_Menor de 1,46
H_13_2_10-14,49
H_13_2_15-19,26
H_13_2_20-24,33
H_13_2_75-79,34
H_13_2_80-84,28
H_13_2_85 y más,16
H_13_2_Menor de 1,37
H_14_1_1-4,20
H_14_1_10-14,11
H_14_1_15-19,6
H_14_1_20-24,5
H_14_1_25-29,7
H_14_1_30-34,4
H_14_1_35-39,6
H_14_1_40-44,11
H_14_1_45-49,7
H_14_1_5-9,19
H_14_1_50-54,7
H_14_1_55-59,5
H_14_1_60-64,6
H_14_1_65-69,7
H_14_1_70-74,4
H_14_1_75-79,3
H_14_1_80-84,4
H_14_1_85 y más,4
H_14_1_Menor de 1,11
H_14_2_1-4,19
H_14_2_10-14,11
H_14_2_15-19,6
H_14_2_20-24,6
H_14_2_25-29,6
H_14_2_30-34,7
H_14_2_35-39,6
H_14_2_40-44,4
H_14_2_45-49,8
H_14_2_5-9,8
H_14_2_50-54,11
H_14_2_55-59,17
H_14_2_60-64,10
H_14_2_65-69,7
H_14_2_70-74,11
H_14_2_75-79,9
H_14_2_80-84,3
H_14_2_85 y más,2
H_14_2_Menor de 1,6
H_15_1_1-4,6
H_15_1_10-14,7
H_15_1_15-19,2
H_15_1_20-24,3
H_15_1_25-29,1
H_15_1_30-34,3
H_15_1_35-39,2
H_15_1_40-44,8
H_15_1_45-49,3
H_15_1_5-9,4
H_15_1_50-54,6
H_15_1_55-59,6
H_15_1_60-64,2
H_15_1_65-69,2
H_15_1_70-74,1
H_15_1_85 y más,1
H_15_1_Menor de 1,3
H_15_2_1-4,3
H_15_2_10-14,2
H_15_2_15-19,3
H_15_2_20-24,4
H_15_2_25-29,1
H_15_2_30-34,1
H_15_2_35-39,5
H_15_2_40-44,7
H_15_2_45-49,1
H_15_2_5-9,8
H_15_2_50-54,1
H_15_2_55-59,5
H_15_2_60-64,3
H_15_2_65-69,2
H_15_2_75-79,2
H_15_2_Menor de 1,1
H_16_1_1-4,10
H_16_1_10-14,6
H_16_1_15-19,1
H_16_1_20-24,2
H_16_1_25-29,6
H_16_1_30-34,1
H_16_1_35-39,9
H_16_1_40-44,3
H_16_1_45-49,4
H_16_1_5-9,6
H_16_1_50-54,4
H_16_1_55-59,5
H_16_1_60-64,6
H_16_1_65-69,3
H_16_1_70-74,1
H_16_1_75-79,5
H_16_1_80-84,5
H_16_1_Menor de 1,6
H_16_2_1-4,5
H_16_2_10-14,1
H_16_2_15-19,5
H_16_2_20-24,3
H_16_2_25-29,2
H_16_2_30-34,4
H_16_2_35-39,8
H_16_2_40-44,6
H_16_2_45-49,3
H_16_2_5-9,9
H_16_2_50-54,3
H_16_2_55-59,10
H_16_2_60-64,2
H_16_2_65-69,6
H_16_2_70-74,5
H_16_2_80-84,1
H_16_2_85 y más,2
H_16_2_Menor de 1,7
H_18_1_1-4,46
H_18_1_10-14,17
H_18_1_15-19,29
H_18_1_20-24,26
H_18_1_25-29,27
H_18_1_30-34,36
H_18_1_35-39,40
H_18_1_40-44,23
H_18_1_45-49,36
H_18_1_5-9,27
H_18_1_50-54,47
H_18_1_60-64,49
H_18_1_85 y más,36
H_18_1_Menor de 1,9
H_18_2_1-4,33
H_18_2_10-14,12
H_18_2_15-19,18
H_18_2_20-24,15
H_18_2_25-29,36
H_18_2_35-39,38
H_18_2_40-44,40
H_18_2_5-9,27
H_18_2_Menor de 1,6
H_19_1_1-4,8
H_19_1_10-14,4
H_19_1_15-19,4
H_19_1_20-24,5
H_19_1_25-29,3
H_19_1_30-34,8
H_19_1_35-39,4
H_19_1_40-44,4
H_19_1_45-49,10
H_19_1_5-9,8
H_19_1_50-54,5
H_19_1_55-59,2
H_19_1_60-64,6
H_19_1_65-69,5
H_19_1_70-74,6
H_19_1_80-84,1
H_19_1_Menor de 1,6
H_19_2_1-4,9
H_19_2_10-14,3
H_19_2_15-19,2
H_19_2_20-24,6
H_19_2_25-29,5
H_19_2_30-34,8
H_19_2_35-39,4
H_19_2_40-44,6
H_19_2_45-49,9
H_19_2_5-9,5
H_19_2_50-54,4
H_19_2_55-59,2
H_19_2_60-64,10
H_19_2_65-69,7
H_19_2_70-74,2
H_19_2_75-79,4
H_19_2_80-84,3
H_19_2_Menor de 1,5
H_20_1_10-14,2
H_20_1_25-29,1
H_20_1_30-34,4
H_20_1_35-39,2
H_20_1_40-44,3
H_20_1_45-49,3
H_20_1_5-9,1
H_20_1_50-54,2
H_20_1_60-64,3
H_20_1_85 y más,2
H_20_1_Menor de 1,2
H_20_2_20-24,1
H_20_2_25-29,1
H_20_2_30-34,3
H_20_2_35-39,1
H_20_2_40-44,1
H_20_2_5-9,2
H_20_2_50-54,3
H_20_2_60-64,1
H_20_2_65-69,2
H_20_2_75-79,1
H_20_2_Menor de 1,1
H_21_1_1-4,14
H_21_1_10-14,3
H_21_1_15-19,7
H_21_1_20-24,8
H_21_1_25-29,10
H_21_1_30-34,18
H_21_1_35-39,18
H_21_1_40-44,12
H_21_1_45-49,17
H_21_1_5-9,12
H_21_1_50-54,14
H_21_1_55-59,19
H_21_1_60-64,13
H_21_1_65-69,8
H_21_1_70-74,10
H_21_1_75-79,3
H_21_1_80-84,6
H_21_1_85 y más,1
H_21_1_Menor de 1,7
H_21_2_1-4,10
H_21_2_10-14,10
H_21_2_15-19,10
H_21_2_20-24,6
H_21_2_25-29,29
H_21_2_30-34,30
H_21_2_35-39,41
H_21_2_40-44,22
H_21_2_45-49,29
H_21_2_5-9,11
H_21_2_50-54,23
H_21_2_55-59,13
H_21_2_60-64,11
H_21_2_65-69,18
H_21_2_70-74,7
H_21_2_75-79,7
H_21_2_80-84,2
H_21_2_85 y más,2
H_21_2_Menor de 1,4
H_22_1_1-4,7
H_22_1_10-14,5
H_22_1_15-19,7
H_22_1_20-24,9
H_22_1_25-29,13
H_22_1_30-34,10
H_22_1_35-39,10
H_22_1_40-44,19
H_22_1_45-49,9
H_22_1_5-9,12
H_22_1_50-54,8
H_22_1_55-59,6
H_22_1_60-64,4
H_22_1_65-69,6
H_22_1_70-74,2
H_22_1_75-79,3
H_22_1_Menor de 1,7
H_22_2_1-4,6
H_22_2_10-14,10
H_22_2_15-19,5
H_22_2_20-24,5
H_22_2_25-29,8
H_22_2_30-34,10
H_22_2_35-39,14
H_22_2_40-44,5
H_22_2_45-49,9
H_22_2_5-9,13
H_22_2_50-54,4
H_22_2_55-59,3
H_22_2_60-64,4
H_22_2_65-69,2
H_22_2_70-74,3
H_22_2_75-79,1
H_22_2_Menor de 1,1
H_23_1_1-4,42
H_23_1_10-14,14
H_23_1_15-19,10
H_23_1_20-24,12
H_23_1_25-29,16
H_23_1_30-34,20
H_23_1_35-39,30
H_23_1_40-44,17
H_23_1_45-49,16
H_23_1_5-9,42
H_23_1_50-54,13
H_23_1_55-59,5
H_23_1_60-64,12
H_23_1_65-69,14
H_23_1_70-74,17
H_23_1_75-79,14
H_23_1_80-84,10
H_23_1_85 y más,3
H_23_1_Menor de 1,17
H_23_2_10-14,17
H_23_2_15-19,4
H_23_2_20-24,16
H_23_2_25-29,6
H_23_2_30-34,13
H_23_2_35-39,10
H_23_2_40-44,21
H_23_2_45-49,20
H_23_2_5-9,28
H_23_2_50-54,22
H_23_2_55-59,15
H_23_2_60-64,18
H_23_2_65-69,17
H_23_2_70-74,14
H_23_2_75-79,5
H_23_2_80-84,10
H_23_2_85 y más,11
H_23_2_Menor de 1,22
H_24_1_1-4,24
H_24_1_10-14,16
H_24_1_15-19,6
H_24_1_20-24,6
H_24_1_25-29,13
H_24_1_30-34,16
H_24_1_35-39,13
H_24_1_40-44,21
H_24_1_45-49,4
H_24_1_5-9,24
H_24_1_50-54,7
H_24_1_55-59,14
H_24_1_60-64,12
H_24_1_65-69,18
H_24_1_70-74,5
H_24_1_75-79,5
H_24_1_85 y más,3
H_24_1_Menor de 1,7
H_24_2_1-4,23
H_24_2_10-14,28
H_24_2_15-19,9
H_24_2_20-24,7
H_24_2_25-29,18
H_24_2_30-34,14
H_24_2_35-39,16
H_24_2_40-44,14
H_24_2_45-49,12
H_24_2_5-9,19
H_24_2_50-54,17
H_24_2_55-59,17
H_24_2_60-64,6
H_24_2_65-69,3
H_24_2_70-74,5
H_24_2_75-79,1
H_24_2_85 y más,3
H_24_2_Menor de 1,15
H_88_1_5-9,1
H_88_1_60-64,1
H_88_1_65-69,1
H_88_1_75-79,1
H_88_2_30-34,2
H_88_2_50-54,1
H_88_2_55-59,1
H_88_2_70-74,1
H_88_2_85 y más,1
I_01_1_Menor de 1,29
I_01_2_Menor de 1,18
I_02_1_1-4,6
I_02_1_10-14,25
I_02_1_15-19,31
I_02_1_20-24,28
I_02_1_25-29,30
I_02_1_30-34,23
I_02_1_35-39,38
I_02_1_40-44,27
I_02_1_45-49,42
I_02_1_5-9,14
I_02_1_Menor de 1,3
I_02_2_1-4,6
I_02_2_10-14,15
I_02_2_15-19,4
I_02_2_20-24,9
I_02_2_25-29,9
I_02_2_30-34,22
I_02_2_35-39,28
I_02_2_40-44,43
I_02_2_45-49,35
I_02_2_5-9,16
I_02_2_Menor de 1,4
I_03_1_1-4,23
I_03_1_15-19,44
I_03_1_30-34,49
I_03_1_Menor de 1,9
I_03_2_1-4,20
I_03_2_15-19,28
I_03_2_20-24,22
I_03_2_25-29,23
I_03_2_30-34,42
I_03_2_5-9,44
I_03_2_Menor de 1,8
I_04_1_1-4,10
I_04_1_10-14,18
I_04_1_20-24,43
I_04_1_25-29,31
I_04_1_30-34,43
I_04_1_35-39,34
I_04_1_40-44,37
I_04_1_45-49,49
I_04_1_5-9,11
I_04_1_Menor de 1,8
I_04_2_1-4,2
I_04_2_10-14,2
I_04_2_15-19,9
I_04_2_20-24,10
I_04_2_25-29,29
I_04_2_30-34,28
I_04_2_35-39,26
I_04_2_5-9,2
I_04_2_Menor de 1,3
I_05_1_1-4,21
I_05_1_10-14,28
I_05_1_30-34,48
I_05_1_5-9,32
I_05_1_Menor de 1,6
I_05_2_1-4,11
I_05_2_10-14,29
I_05_2_15-19,27
I_05_2_20-24,13
I_05_2_25-29,38
I_05_2_30-34,46
I_05_2_5-9,28
I_05_2_Menor de 1,8
I_06_1_Menor de 1,37
I_06_2_15-19,37
I_06_2_20-24,31
I_06_2_Menor de 1,22
I_07_1_1-4,44
I_07_1_Menor de 1,11
I_07_2_1-4,22
I_07_2_10-14,43
I_07_2_15-19,26
I_07_2_20-24,35
I_07_2_5-9,41
I_07_2_Menor de 1,16
I_08_1_1-4,12
I_08_1_10-14,36
I_08_1_15-19,48
I_08_1_25-29,48
I_08_1_5-9,25
I_08_1_Menor de 1,10
I_08_2_1-4,14
I_08_2_10-14,15
I_08_2_15-19,19
I_08_2_20-24,25
I_08_2_25-29,35
I_08_2_5-9,23
I_08_2_Menor de 1,18
I_10_1_1-4,19
I_10_1_10-14,47
I_10_1_5-9,44
I_10_1_Menor de 1,41
I_10_2_1-4,11
I_10_2_10-14,23
I_10_2_15-19,22
I_10_2_20-24,30
I_10_2_25-29,38
I_10_2_5-9,40
I_10_2_Menor de 1,22
I_11_1_1-4,38
I_11_1_Menor de 1,11
I_11_2_1-4,47
I_11_2_15-19,27
I_11_2_20-24,21
I_11_2_Menor de 1,14
I_12_1_1-4,39
I_12_1_Menor de 1,23
I_12_2_1-4,38
I_12_2_10-14,38
I_12_2_15-19,38
I_12_2_20-24,39
I_12_2_5-9,37
I_12_2_Menor de 1,14
I_13_1_Menor de 1,48
I_13_2_Menor de 1,33
I_14_1_1-4,16
I_14_1_10-14,37
I_14_1_15-19,37
I_14_1_20-24,22
I_14_1_25-29,21
I_14_1_30-34,40
I_14_1_35-39,35
I_14_1_40-44,34
I_14_1_45-49,32
I_14_1_5-9,46
I_14_1_Menor de 1,8
I_14_2_1-4,16
I_14_2_10-14,42
I_14_2_15-19,17
I_14_2_20-24,16
I_14_2_25-29,10
I_14_2_30-34,21
I_14_2_35-39,17
I_14_2_40-44,28
I_14_2_45-49,41
I_14_2_5-9,29
I_14_2_50-54,44
I_14_2_Menor de 1,6
I_15_1_1-4,4
I_15_1_10-14,9
I_15_1_15-19,8
I_15_1_20-24,16
I_15_1_25-29,20
I_15_1_30-34,16
I_15_1_35-39,17
I_15_1_40-44,14
I_15_1_45-49,22
I_15_1_5-9,6
I_15_1_50-54,25
I_15_1_55-59,32
I_15_1_75-79,49
I_15_1_80-84,48
I_15_1_85 y más,43
I_15_1_Menor de 1,16
I_15_2_1-4,8
I_15_2_10-14,4
I_15_2_15-19,6
I_15_2_20-24,7
I_15_2_25-29,9
I_15_2_30-34,23
I_15_2_35-39,15
I_15_2_40-44,30
I_15_2_45-49,19
I_15_2_5-9,4
I_15_2_50-54,34
I_15_2_55-59,46
I_15_2_60-64,39
I_15_2_65-69,48
I_15_2_70-74,42
I_15_2_80-84,45
I_15_2_85 y más,44
I_15_2_Menor de 1,9
I_16_1_1-4,5
I_16_1_10-14,7
I_16_1_15-19,26
I_16_1_20-24,20
I_16_1_25-29,11
I_16_1_30-34,13
I_16_1_35-39,26
I_16_1_40-44,21
I_16_1_45-49,25
I_16_1_5-9,12
I_16_1_50-54,34
I_16_1_55-59,44
I_16_1_60-64,46
I_16_1_Menor de 1,4
I_16_2_1-4,3
I_16_2_10-14,20
I_16_2_15-19,9
I_16_2_20-24,17
I_16_2_25-29,9
I_16_2_30-34,19
I_16_2_35-39,27
I_16_2_40-44,25
I_16_2_45-49,32
I_16_2_5-9,8
I_16_2_50-54,28
I_16_2_55-59,29
I_16_2_75-79,39
I_16_2_80-84,37
I_16_2_Menor de 1,2
I_18_1_1-4,41
I_18_1_Menor de 1,15
I_18_2_1-4,28
I_18_2_15-19,27
I_18_2_20-24,20
I_18_2_25-29,49
I_18_2_Menor de 1,12
I_19_1_1-4,17
I_19_1_10-14,26
I_19_1_15-19,28
I_19_1_20-24,24
I_19_1_25-29,17
I_19_1_30-34,28
I_19_1_35-39,29
I_19_1_40-44,23
I_19_1_5-9,25
I_19_1_Menor de 1,5
I_19_2_1-4,12
I_19_2_10-14,23
I_19_2_15-19,9
I_19_2_20-24,10
I_19_2_25-29,14
I_19_2_30-34,19
I_19_2_35-39,17
I_19_2_40-44,33
I_19_2_45-49,27
I_19_2_5-9,31
I_19_2_50-54,31
I_19_2_55-59,39
I_19_2_Menor de 1,1
I_20_1_10-14,2
I_20_1_15-19,2
I_20_1_20-24,7
I_20_1_25-29,5
I_20_1_30-34,11
I_20_1_35-39,22
I_20_1_40-44,16
I_20_1_45-49,15
I_20_1_5-9,5
I_20_1_50-54,22
I_20_1_55-59,34
I_20_1_60-64,33
I_20_1_65-69,43
I_20_1_70-74,27
I_20_1_75-79,25
I_20_1_80-84,13
I_20_1_85 y más,20
I_20_1_Menor de 1,1
I_20_2_1-4,1
I_20_2_10-14,2
I_20_2_20-24,4
I_20_2_30-34,4
I_20_2_35-39,3
I_20_2_40-44,6
I_20_2_45-49,14
I_20_2_5-9,2
I_20_2_50-54,9
I_20_2_55-59,10
I_20_2_60-64,5
I_20_2_65-69,24
I_20_2_70-74,18
I_20_2_75-79,20
I_20_2_80-84,18
I_20_2_85 y más,23
I_20_2_Menor de 1,2
I_21_1_1-4,14
I_21_1_10-14,14
I_21_1_15-19,28
I_21_1_20-24,40
I_21_1_25-29,27
I_21_1_30-34,35
I_21_1_35-39,39
I_21_1_5-9,14
I_21_1_Menor de 1,7
I_21_2_1-4,6
I_21_2_10-14,12
I_21_2_15-19,8
I_21_2_20-24,16
I_21_2_25-29,24
I_21_2_30-34,31
I_21_2_5-9,5
I_21_2_Menor de 1,3
I_22_1_1-4,2
I_22_1_10-14,11
I_22_1_15-19,15
I_22_1_20-24,13
I_22_1_25-29,16
I_22_1_30-34,18
I_22_1_35-39,35
I_22_1_40-44,33
I_22_1_45-49,30
I_22_1_5-9,2
I_22_1_50-54,36
I_22_1_85 y más,32
I_22_1_Menor de 1,1
I_22_2_1-4,3
I_22_2_10-14,3
I_22_2_15-19,5
I_22_2_20-24,10
I_22_2_25-29,15
I_22_2_30-34,16
I_22_2_35-39,14
I_22_2_40-44,30
I_22_2_45-49,42
I_22_2_5-9,7
I_22_2_50-54,33
I_22_2_55-59,39
I_22_2_60-64,48
I_22_2_65-69,42
I_22_2_75-79,31
I_22_2_85 y más,30
I_22_2_Menor de 1,4
I_23_1_10-14,44
I_23_1_Menor de 1,20
I_23_2_10-14,36
I_23_2_15-19,29
I_23_2_20-24,32
I_23_2_25-29,43
I_23_2_Menor de 1,24
I_24_1_1-4,9
I_24_1_10-14,16
I_24_1_15-19,27
I_24_1_20-24,33
I_24_1_25-29,24
I_24_1_30-34,45
I_24_1_5-9,19
I_24_1_Menor de 1,10
I_24_2_1-4,12
I_24_2_10-14,11
I_24_2_15-19,9
I_24_2_20-24,16
I_24_2_25-29,33
I_24_2_30-34,33
I_24_2_35-39,47
I_24_2_5-9,16
I_24_2_Menor de 1,4
I_88_1_20-24,2
I_88_1_25-29,4
I_88_1_30-34,2
I_88_1_35-39,2
I_88_1_40-44,2
I_88_1_45-49,3
I_88_1_50-54,8
I_88_1_55-59,5
I_88_1_60-64,10
I_88_1_65-69,3
I_88_1_70-74,3
I_88_1_75-79,6
I_88_1_80-84,2
I_88_2_10-14,1
I_88_2_20-24,2
I_88_2_25-29,3
I_88_2_30-34,2
I_88_2_35-39,2
I_88_2_40-44,1
I_88_2_45-49,2
I_88_2_50-54,5
I_88_2_55-59,3
I_88_2_60-64,10
I_88_2_65-69,8
I_88_2_70-74,2
I_88_2_75-79,3
I_88_2_85 y más,3
J_02_1_10-14,44
J_02_1_30-34,34
J_02_1_35-39,29
J_02_1_40-44,44
J_02_1_45-49,30
J_02_1_50-54,46
J_02_1_55-59,36
J_02_1_60-64,49
J_02_2_10-14,40
J_02_2_15-19,40
J_02_2_20-24,30
J_02_2_30-34,39
J_02_2_35-39,35
J_02_2_40-44,30
J_02_2_45-49,33
J_02_2_50-54,43
J_02_2_55-59,39
J_04_1_10-14,46
J_04_1_20-24,42
J_04_1_35-39,39
J_04_1_40-44,25
J_04_1_45-49,28
J_04_1_50-54,45
J_04_1_55-59,49
J_04_1_60-64,44
J_04_2_10-14,38
J_04_2_15-19,36
J_04_2_25-29,48
J_04_2_30-34,29
J_04_2_35-39,23
J_04_2_40-44,27
J_04_2_45-49,33
J_04_2_50-54,44
J_04_2_55-59,37
J_04_2_60-64,47
J_08_2_15-19,43
J_14_1_30-34,47
J_14_1_35-39,43
J_14_1_40-44,46
J_14_1_45-49,42
J_14_2_45-49,49
J_15_1_10-14,15
J_15_1_15-19,32
J_15_1_20-24,23
J_15_1_25-29,15
J_15_1_30-34,19
J_15_1_35-39,13
J_15_1_40-44,9
J_15_1_45-49,12
J_15_1_50-54,13
J_15_1_55-59,13
J_15_1_60-64,34
J_15_1_65-69,25
J_15_1_70-74,28
J_15_1_75-79,37
J_15_1_80-84,27
J_15_1_85 y más,47
J_15_2_10-14,27
J_15_2_15-19,22
J_15_2_20-24,18
J_15_2_25-29,20
J_15_2_30-34,16
J_15_2_35-39,11
J_15_2_40-44,22
J_15_2_45-49,18
J_15_2_50-54,6
J_15_2_55-59,15
J_15_2_60-64,22
J_15_2_65-69,20
J_15_2_70-74,32
J_15_2_75-79,28
J_15_2_80-84,38
J_15_2_85 y más,49
J_16_1_10-14,29
J_16_1_15-19,39
J_16_1_20-24,24
J_16_1_25-29,30
J_16_1_30-34,23
J_16_1_35-39,22
J_16_1_40-44,20
J_16_1_45-49,29
J_16_1_50-54,18
J_16_1_55-59,27
J_16_1_60-64,35
J_16_1_65-69,28
J_16_1_70-74,46
J_16_1_75-79,38
J_16_1_80-84,33
J_16_1_85 y más,49
J_16_2_10-14,18
J_16_2_15-19,38
J_16_2_20-24,30
J_16_2_25-29,28
J_16_2_30-34,16
J_16_2_35-39,12
J_16_2_40-44,13
J_16_2_45-49,11
J_16_2_50-54,22
J_16_2_55-59,30
J_16_2_60-64,25
J_16_2_65-69,33
J_16_2_70-74,30
J_16_2_75-79,44
J_16_2_80-84,43
J_19_1_15-19,38
J_19_1_25-29,42
J_19_1_30-34,26
J_19_1_35-39,28
J_19_1_40-44,22
J_19_1_45-49,32
J_19_1_50-54,36
J_19_1_55-59,29
J_19_1_60-64,25
J_19_1_70-74,40
J_19_2_10-14,48
J_19_2_15-19,32
J_19_2_35-39,28
J_19_2_40-44,20
J_19_2_45-49,40
J_19_2_50-54,37
J_19_2_55-59,37
J_19_2_60-64,46
J_20_1_10-14,10
J_20_1_15-19,9
J_20_1_20-24,4
J_20_1_25-29,7
J_20_1_30-34,4
J_20_1_35-39,1
J_20_1_40-44,8
J_20_1_45-49,2
J_20_1_5-9,21
J_20_1_50-54,4
J_20_1_55-59,7
J_20_1_60-64,10
J_20_1_65-69,12
J_20_1_70-74,3
J_20_1_75-79,11
J_20_1_80-84,11
J_20_1_85 y más,19
J_20_1_Menor de 1,25
J_20_2_10-14,5
J_20_2_15-19,5
J_20_2_20-24,1
J_20_2_25-29,13
J_20_2_30-34,7
J_20_2_35-39,5
J_20_2_40-44,1
J_20_2_45-49,6
J_20_2_5-9,22
J_20_2_50-54,3
J_20_2_55-59,1
J_20_2_60-64,8
J_20_2_65-69,9
J_20_2_70-74,3
J_20_2_75-79,14
J_20_2_80-84,4
J_20_2_85 y más,12
J_20_2_Menor de 1,19
J_21_1_10-14,30
J_21_1_20-24,47
J_21_1_35-39,38
J_21_1_50-54,47
J_21_1_55-59,46
J_21_2_10-14,46
J_21_2_15-19,33
J_21_2_20-24,32
J_21_2_25-29,45
J_21_2_35-39,32
J_21_2_40-44,40
J_21_2_50-54,37
J_21_2_55-59,39
J_22_1_10-14,37
J_22_1_15-19,30
J_22_1_20-24,26
J_22_1_25-29,36
J_22_1_30-34,19
J_22_1_35-39,24
J_22_1_40-44,12
J_22_1_45-49,21
J_22_1_50-54,29
J_22_1_55-59,24
J_22_1_60-64,43
J_22_1_65-69,33
J_22_1_70-74,30
J_22_1_75-79,32
J_22_1_80-84,36
J_22_1_85 y más,33
J_22_2_10-14,30
J_22_2_15-19,27
J_22_2_20-24,10
J_22_2_25-29,18
J_22_2_30-34,29
J_22_2_35-39,14
J_22_2_40-44,29
J_22_2_45-49,22
J_22_2_50-54,20
J_22_2_55-59,25
J_22_2_60-64,23
J_22_2_65-69,44
J_22_2_70-74,39
J_22_2_75-79,41
J_22_2_80-84,42
J_22_2_85 y más,44
J_24_2_40-44,47
J_88_1_1-4,23
J_88_1_10-14,2
J_88_1_15-19,19
J_88_1_20-24,6
J_88_1_25-29,5
J_88_1_30-34,7
J_88_1_35-39,5
J_88_1_40-44,5
J_88_1_45-49,2
J_88_1_5-9,10
J_88_1_50-54,3
J_88_1_55-59,4
J_88_1_60-64,4
J_88_1_65-69,3
J_88_1_70-74,3
J_88_1_75-79,2
J_88_1_80-84,2
J_88_1_85 y más,4
J_88_1_Menor de 1,22
J_88_2_1-4,30
J_88_2_10-14,5
J_88_2_15-19,24
J_88_2_20-24,23
J_88_2_25-29,11
J_88_2_30-34,12
J_88_2_35-39,7
J_88_2_40-44,7
J_88_2_45-49,5
J_88_2_5-9,10
J_88_2_50-54,4
J_88_2_55-59,1
J_88_2_60-64,1
J_88_2_65-69,2
J_88_2_70-74,4
J_88_2_75-79,5
J_88_2_80-84,3
J_88_2_85 y más,3
J_88_2_Menor de 1,5
K_02_1_Menor de 1,22
K_02_2_Menor de 1,8
K_03_1_Menor de 1,44
K_03_2_Menor de 1,27
K_04_1_Menor de 1,21
K_04_2_1-4,45
K_04_2_Menor de 1,15
K_05_1_Menor de 1,22
K_05_2_Menor de 1,20
K_06_2_Menor de 1,41
K_08_1_Menor de 1,48
K_08_2_Menor de 1,31
K_10_1_Menor de 1,38
K_10_2_Menor de 1,45
K_11_2_Menor de 1,31
K_14_1_Menor de 1,36
K_14_2_Menor de 1,24
K_15_1_1-4,24
K_15_1_75-79,46
K_15_1_80-84,39
K_15_1_85 y más,39
K_15_1_Menor de 1,14
K_15_2_1-4,30
K_15_2_80-84,22
K_15_2_85 y más,41
K_15_2_Menor de 1,8
K_16_1_1-4,30
K_16_1_80-84,48
K_16_1_85 y más,42
K_16_1_Menor de 1,12
K_16_2_1-4,27
K_16_2_80-84,43
K_16_2_85 y más,35
K_16_2_Menor de 1,3
K_18_2_Menor de 1,32
K_19_1_Menor de 1,30
K_19_2_Menor de 1,20
K_20_1_1-4,13
K_20_1_15-19,46
K_20_1_20-24,46
K_20_1_40-44,45
K_20_1_5-9,40
K_20_1_55-59,41
K_20_1_65-69,22
K_20_1_70-74,30
K_20_1_75-79,27
K_20_1_80-84,9
K_20_1_85 y más,14
K_20_1_Menor de 1,3
K_20_2_1-4,12
K_20_2_10-14,38
K_20_2_5-9,32
K_20_2_50-54,47
K_20_2_55-59,42
K_20_2_60-64,35
K_20_2_65-69,26
K_20_2_70-74,12
K_20_2_75-79,8
K_20_2_80-84,5
K_20_2_85 y más,10
K_20_2_Menor de 1,3
K_21_1_Menor de 1,23
K_21_2_1-4,47
K_21_2_Menor de 1,16
K_22_1_1-4,39
K_22_1_80-84,32
K_22_1_85 y más,23
K_22_1_Menor de 1,8
K_22_2_1-4,23
K_22_2_80-84,26
K_22_2_85 y más,31
K_22_2_Menor de 1,13
K_24_1_Menor de 1,32
K_24_2_Menor de 1,26
K_88_1_1-4,3
K_88_1_10-14,10
K_88_1_15-19,13
K_88_1_20-24,10
K_88_1_25-29,14
K_88_1_30-34,11
K_88_1_35-39,12
K_88_1_40-44,14
K_88_1_45-49,8
K_88_1_5-9,6
K_88_1_50-54,10
K_88_1_55-59,10
K_88_1_60-64,17
K_88_1_65-69,12
K_88_1_70-74,3
K_88_1_75-79,6
K_88_1_80-84,1
K_88_1_85 y más,2
K_88_2_1-4,1
K_88_2_10-14,10
K_88_2_15-19,15
K_88_2_20-24,15
K_88_2_25-29,30
K_88_2_30-34,17
K_88_2_35-39,20
K_88_2_40-44,15
K_88_2_45-49,16
K_88_2_5-9,7
K_88_2_50-54,9
K_88_2_55-59,3
K_88_2_60-64,12
K_88_2_65-69,5
K_88_2_70-74,7
K_88_2_75-79,5
K_88_2_80-84,1
K_88_2_85 y más,5
L_02_1_1-4,30
L_02_1_10-14,32
L_02_1_15-19,32
L_02_1_20-24,26
L_02_1_25-29,27
L_02_1_30-34,26
L_02_1_35-39,28
L_02_1_40-44,33
L_02_1_45-49,15
L_02_1_5-9,36
L_02_1_50-54,18
L_02_1_55-59,20
L_02_1_60-64,26
L_02_1_65-69,22
L_02_1_70-74,15
L_02_1_75-79,14
L_02_1_80-84,23
L_02_1_85 y más,25
L_02_1_Menor de 1,20
L_02_2_1-4,29
L_02_2_10-14,34
L_02_2_15-19,20
L_02_2_20-24,21
L_02_2_25-29,25
L_02_2_30-34,28
L_02_2_35-39,29
L_02_2_40-44,19
L_02_2_45-49,9
L_02_2_5-9,33
L_02_2_50-54,21
L_02_2_55-59,22
L_02_2_60-64,23
L_02_2_65-69,19
L_02_2_70-74,15
L_02_2_75-79,18
L_02_2_80-84,23
L_02_2_85 y más,20
L_02_2_Menor de 1,23
L_03_1_15-19,30
L_03_1_25-29,44
L_03_1_30-34,37
L_03_1_35-39,39
L_03_1_40-44,30
L_03_1_45-49,33
L_03_1_50-54,33
L_03_1_55-59,38
L_03_1_60-64,38
L_03_1_65-69,33
L_03_1_70-74,20
L_03_1_75-79,26
L_03_1_80-84,19
L_03_1_85 y más,24
L_03_1_Menor de 1,37
L_03_2_15-19,32
L_03_2_20-24,33
L_03_2_25-29,31
L_03_2_30-34,26
L_03_2_35-39,26
L_03_2_40-44,29
L_03_2_45-49,29
L_03_2_50-54,30
L_03_2_55-59,34
L_03_2_60-64,47
L_03_2_65-69,21
L_03_2_70-74,26
L_03_2_75-79,28
L_03_2_80-84,23
L_03_2_85 y más,45
L_03_2_Menor de 1,30
L_04_1_1-4,18
L_04_1_10-14,19
L_04_1_15-19,16
L_04_1_20-24,26
L_04_1_25-29,15
L_04_1_30-34,23
L_04_1_35-39,27
L_04_1_40-44,20
L_04_1_45-49,23
L_04_1_5-9,20
L_04_1_50-54,22
L_04_1_55-59,19
L_04_1_60-64,24
L_04_1_65-69,15
L_04_1_70-74,19
L_04_1_75-79,5
L_04_1_80-84,15
L_04_1_85 y más,13
L_04_1_Menor de 1,8
L_04_2_1-4,10
L_04_2_10-14,19
L_04_2_15-19,17
L_04_2_20-24,13
L_04_2_25-29,22
L_04_2_30-34,16
L_04_2_35-39,15
L_04_2_40-44,10
L_04_2_45-49,25
L_04_2_5-9,22
L_04_2_50-54,11
L_04_2_55-59,14
L_04_2_60-64,16
L_04_2_65-69,10
L_04_2_70-74,16
L_04_2_75-79,10
L_04_2_80-84,11
L_04_2_85 y más,13
L_04_2_Menor de 1,5
L_05_1_10-14,49
L_05_1_15-19,39
L_05_1_30-34,36
L_05_1_35-39,49
L_05_1_40-44,41
L_05_1_45-49,47
L_05_1_50-54,45
L_05_1_55-59,43
L_05_1_60-64,33
L_05_1_65-69,34
L_05_1_70-74,28
L_05_1_75-79,28
L_05_1_80-84,22
L_05_1_85 y más,27
L_05_1_Menor de 1,35
L_05_2_15-19,30
L_05_2_20-24,28
L_05_2_25-29,41
L_05_2_30-34,37
L_05_2_35-39,28
L_05_2_40-44,24
L_05_2_45-49,40
L_05_2_50-54,43
L_05_2_55-59,32
L_05_2_60-64,37
L_05_2_65-69,36
L_05_2_70-74,26
L_05_2_75-79,23
L_05_2_80-84,31
L_05_2_85 y más,34
L_05_2_Menor de 1,30
L_06_1_20-24,44
L_06_1_25-29,47
L_06_1_30-34,45
L_06_1_45-49,41
L_06_1_60-64,35
L_06_1_65-69,44
L_06_1_70-74,34
L_06_1_75-79,41
L_06_1_80-84,30
L_06_1_85 y más,48
L_06_1_Menor de 1,44
L_06_2_15-19,42
L_06_2_20-24,44
L_06_2_25-29,36
L_06_2_40-44,45
L_06_2_45-49,48
L_06_2_50-54,43
L_06_2_55-59,46
L_06_2_60-64,48
L_06_2_65-69,49
L_06_2_70-74,41
L_06_2_75-79,35
L_06_2_80-84,48
L_06_2_Menor de 1,36
L_07_1_80-84,46
L_07_1_85 y más,48
L_07_2_75-79,46
L_07_2_80-84,49
L_07_2_85 y más,49
L_08_1_70-74,38
L_08_1_80-84,13
L_08_1_85 y más,16
L_08_2_15-19,36
L_08_2_20-24,41
L_08_2_70-74,21
L_08_2_75-79,33
L_08_2_80-84,17
L_08_2_85 y más,15
L_10_1_50-54,45
L_10_1_80-84,30
L_10_1_85 y más,39
L_10_1_Menor de 1,34
L_10_2_55-59,44
L_10_2_65-69,46
L_10_2_70-74,31
L_10_2_75-79,35
L_10_2_80-84,46
L_10_2_85 y más,46
L_10_2_Menor de 1,32
L_11_1_60-64,46
L_11_1_80-84,30
L_11_1_Menor de 1,30
L_11_2_10-14,42
L_11_2_15-19,38
L_11_2_40-44,49
L_11_2_50-54,39
L_11_2_55-59,42
L_11_2_70-74,48
L_11_2_75-79,41
L_11_2_80-84,45
L_11_2_Menor de 1,20
L_12_1_75-79,48
L_12_1_80-84,36
L_12_1_85 y más,47
L_12_2_75-79,46
L_12_2_80-84,37
L_12_2_85 y más,39
L_14_1_45-49,47
L_14_1_50-54,39
L_14_1_60-64,49
L_14_1_65-69,38
L_14_1_70-74,33
L_14_1_75-79,37
L_14_1_80-84,15
L_14_1_85 y más,13
L_14_2_20-24,47
L_14_2_25-29,42
L_14_2_35-39,32
L_14_2_40-44,30
L_14_2_45-49,43
L_14_2_50-54,29
L_14_2_55-59,40
L_14_2_60-64,29
L_14_2_65-69,29
L_14_2_70-74,32
L_14_2_75-79,17
L_14_2_80-84,22
L_14_2_85 y más,15
L_15_1_10-14,22
L_15_1_15-19,23
L_15_1_20-24,27
L_15_1_25-29,26
L_15_1_30-34,18
L_15_1_35-39,22
L_15_1_40-44,13
L_15_1_45-49,23
L_15_1_5-9,48
L_15_1_50-54,29
L_15_1_55-59,12
L_15_1_60-64,14
L_15_1_65-69,13
L_15_1_70-74,10
L_15_1_75-79,12
L_15_1_80-84,7
L_15_1_85 y más,10
L_15_1_Menor de 1,26
L_15_2_1-4,48
L_15_2_10-14,16
L_15_2_15-19,13
L_15_2_20-24,12
L_15_2_25-29,14
L_15_2_30-34,12
L_15_2_35-39,25
L_15_2_40-44,13
L_15_2_45-49,10
L_15_2_5-9,26
L_15_2_50-54,11
L_15_2_55-59,11
L_15_2_60-64,18
L_15_2_65-69,15
L_15_2_70-74,13
L_15_2_75-79,11
L_15_2_80-84,5
L_15_2_85 y más,14
L_15_2_Menor de 1,26
L_16_1_10-14,45
L_16_1_30-34,32
L_16_1_35-39,40
L_16_1_40-44,38
L_16_1_45-49,36
L_16_1_50-54,28
L_16_1_55-59,28
L_16_1_60-64,20
L_16_1_65-69,20
L_16_1_70-74,20
L_16_1_75-79,10
L_16_1_80-84,9
L_16_1_85 y más,11
L_16_1_Menor de 1,27
L_16_2_10-14,40
L_16_2_15-19,21
L_16_2_20-24,28
L_16_2_25-29,20
L_16_2_30-34,31
L_16_2_35-39,28
L_16_2_40-44,34
L_16_2_45-49,26
L_16_2_5-9,49
L_16_2_50-54,21
L_16_2_55-59,18
L_16_2_60-64,21
L_16_2_65-69,9
L_16_2_70-74,9
L_16_2_75-79,6
L_16_2_80-84,7
L_16_2_85 y más,8
L_16_2_Menor de 1,34
L_18_1_Menor de 1,39
L_18_2_15-19,47
L_18_2_20-24,49
L_18_2_70-74,37
L_18_2_80-84,38
L_18_2_Menor de 1,32
L_19_1_25-29,47
L_19_1_30-34,45
L_19_1_35-39,33
L_19_1_40-44,33
L_19_1_45-49,32
L_19_1_5-9,49
L_19_1_50-54,23
L_19_1_55-59,35
L_19_1_60-64,19
L_19_1_65-69,17
L_19_1_70-74,19
L_19_1_75-79,14
L_19_1_80-84,11
L_19_1_85 y más,17
L_19_1_Menor de 1,28
L_19_2_10-14,32
L_19_2_15-19,21
L_19_2_20-24,26
L_19_2_25-29,27
L_19_2_30-34,21
L_19_2_35-39,26
L_19_2_40-44,16
L_19_2_45-49,21
L_19_2_5-9,47
L_19_2_50-54,21
L_19_2_55-59,28
L_19_2_60-64,18
L_19_2_65-69,20
L_19_2_70-74,15
L_19_2_75-79,13
L_19_2_80-84,10
L_19_2_85 y más,15
L_19_2_Menor de 1,25
L_20_1_1-4,7
L_20_1_10-14,14
L_20_1_15-19,8
L_20_1_20-24,14
L_20_1_25-29,11
L_20_1_30-34,16
L_20_1_35-39,10
L_20_1_40-44,8
L_20_1_45-49,9
L_20_1_5-9,9
L_20_1_50-54,3
L_20_1_55-59,7
L_20_1_60-64,10
L_20_1_65-69,5
L_20_1_70-74,5
L_20_1_75-79,2
L_20_1_80-84,3
L_20_1_85 y más,1
L_20_1_Menor de 1,6
L_20_2_1-4,10
L_20_2_10-14,4
L_20_2_15-19,5
L_20_2_20-24,6
L_20_2_25-29,8
L_20_2_30-34,7
L_20_2_35-39,8
L_20_2_40-44,6
L_20_2_45-49,11
L_20_2_5-9,7
L_20_2_50-54,7
L_20_2_55-59,8
L_20_2_60-64,8
L_20_2_65-69,6
L_20_2_75-79,4
L_20_2_80-84,2
L_20_2_85 y más,6
L_20_2_Menor de 1,3
L_21_1_10-14,36
L_21_1_15-19,42
L_21_1_20-24,40
L_21_1_25-29,45
L_21_1_30-34,44
L_21_1_35-39,32
L_21_1_40-44,44
L_21_1_45-49,42
L_21_1_50-54,27
L_21_1_55-59,31
L_21_1_60-64,19
L_21_1_65-69,19
L_21_1_70-74,10
L_21_1_75-79,9
L_21_1_80-84,3
L_21_1_85 y más,6
L_21_1_Menor de 1,43
L_21_2_10-14,20
L_21_2_15-19,23
L_21_2_20-24,19
L_21_2_25-29,24
L_21_2_30-34,23
L_21_2_35-39,27
L_21_2_40-44,22
L_21_2_45-49,15
L_21_2_5-9,28
L_21_2_50-54,13
L_21_2_55-59,26
L_21_2_60-64,15
L_21_2_65-69,11
L_21_2_70-74,9
L_21_2_75-79,11
L_21_2_80-84,9
L_21_2_85 y más,5
L_21_2_Menor de 1,28
L_22_1_1-4,42
L_22_1_10-14,31
L_22_1_15-19,13
L_22_1_20-24,38
L_22_1_25-29,32
L_22_1_30-34,29
L_22_1_35-39,28
L_22_1_40-44,26
L_22_1_45-49,23
L_22_1_5-9,23
L_22_1_50-54,26
L_22_1_55-59,14
L_22_1_60-64,21
L_22_1_65-69,31
L_22_1_70-74,22
L_22_1_75-79,11
L_22_1_80-84,11
L_22_1_85 y más,5
L_22_1_Menor de 1,30
L_22_2_1-4,39
L_22_2_10-14,14
L_22_2_15-19,19
L_22_2_20-24,13
L_22_2_25-29,8
L_22_2_30-34,14
L_22_2_35-39,18
L_22_2_40-44,15
L_22_2_45-49,20
L_22_2_5-9,23
L_22_2_50-54,11
L_22_2_55-59,9
L_22_2_60-64,8
L_22_2_65-69,8
L_22_2_70-74,3
L_22_2_75-79,3
L_22_2_80-84,7
L_22_2_85 y más,5
L_22_2_Menor de 1,29
L_23_1_15-19,47
L_23_1_35-39,49
L_23_1_70-74,45
L_23_1_75-79,27
L_23_1_80-84,34
L_23_1_85 y más,19
L_23_2_10-14,48
L_23_2_15-19,28
L_23_2_20-24,34
L_23_2_25-29,38
L_23_2_35-39,41
L_23_2_50-54,45
L_23_2_55-59,44
L_23_2_60-64,39
L_23_2_65-69,43
L_23_2_70-74,28
L_23_2_75-79,46
L_23_2_80-84,19
L_23_2_85 y más,21
L_24_1_15-19,44
L_24_1_65-69,48
L_24_1_70-74,42
L_24_1_75-79,19
L_24_1_80-84,15
L_24_1_85 y más,28
L_24_2_15-19,35
L_24_2_25-29,44
L_24_2_30-34,38
L_24_2_35-39,49
L_24_2_45-49,45
L_24_2_50-54,33
L_24_2_55-59,37
L_24_2_60-64,43
L_24_2_65-69,33
L_24_2_70-74,30
L_24_2_75-79,13
L_24_2_80-84,13
L_24_2_85 y más,15
L_88_1_1-4,3
L_88_1_10-14,2
L_88_1_15-19,1
L_88_1_20-24,3
L_88_1_25-29,4
L_88_1_30-34,4
L_88_1_35-39,3
L_88_1_5-9,2
L_88_1_50-54,2
L_88_1_55-59,1
L_88_1_60-64,1
L_88_1_65-69,1
L_88_1_70-74,1
L_88_2_1-4,3
L_88_2_15-19,1
L_88_2_20-24,3
L_88_2_30-34,1
L_88_2_40-44,2
L_88_2_45-49,2
L_88_2_5-9,1
L_88_2_60-64,1
M_01_1_Menor de 1,5
M_01_2_1-4,45
M_01_2_Menor de 1,5
M_02_1_1-4,5
M_02_1_10-14,16
M_02_1_15-19,24
M_02_1_20-24,26
M_02_1_25-29,36
M_02_1_30-34,24
M_02_1_35-39,49
M_02_1_40-44,36
M_02_1_45-49,28
M_02_1_5-9,19
M_02_1_50-54,27
M_02_1_55-59,26
M_02_1_60-64,37
M_02_1_65-69,24
M_02_1_70-74,20
M_02_1_75-79,17
M_02_1_80-84,12
M_02_1_85 y más,11
M_02_2_1-4,2
M_02_2_10-14,16
M_02_2_15-19,22
M_02_2_20-24,24
M_02_2_25-29,18
M_02_2_30-34,29
M_02_2_35-39,36
M_02_2_40-44,40
M_02_2_45-49,44
M_02_2_5-9,7
M_02_2_55-59,37
M_02_2_60-64,37
M_02_2_65-69,47
M_02_2_70-74,43
M_02_2_75-79,30
M_02_2_80-84,18
M_02_2_85 y más,7
M_02_2_Menor de 1,2
M_03_1_1-4,28
M_03_1_10-14,35
M_03_1_20-24,47
M_03_1_30-34,40
M_03_1_40-44,48
M_03_1_5-9,18
M_03_1_70-74,45
M_03_1_75-79,41
M_03_1_80-84,26
M_03_1_85 y más,14
M_03_1_Menor de 1,1
M_03_2_1-4,10
M_03_2_10-14,33
M_03_2_15-19,46
M_03_2_25-29,40
M_03_2_30-34,40
M_03_2_40-44,42
M_03_2_5-9,21
M_03_2_80-84,45
M_03_2_85 y más,44
M_03_2_Menor de 1,1
M_04_1_1-4,16
M_04_1_10-14,22
M_04_1_15-19,19
M_04_1_20-24,30
M_04_1_25-29,27
M_04_1_30-34,36
M_04_1_35-39,28
M_04_1_40-44,28
M_04_1_45-49,29
M_04_1_5-9,16
M_04_1_50-54,31
M_04_1_55-59,18
M_04_1_60-64,28
M_04_1_65-69,21
M_04_1_70-74,21
M_04_1_75-79,11
M_04_1_80-84,8
M_04_1_85 y más,8
M_04_1_Menor de 1,5
M_04_2_1-4,10
M_04_2_10-14,27
M_04_2_15-19,33
M_04_2_20-24,25
M_04_2_25-29,22
M_04_2_30-34,37
M_04_2_35-39,40
M_04_2_40-44,37
M_04_2_45-49,37
M_04_2_5-9,16
M_04_2_50-54,43
M_04_2_55-59,39
M_04_2_60-64,34
M_04_2_65-69,36
M_04_2_70-74,31
M_04_2_75-79,21
M_04_2_80-84,12
M_04_2_85 y más,5
M_04_2_Menor de 1,1
M_05_1_1-4,17
M_05_1_80-84,34
M_05_1_85 y más,25
M_05_1_Menor de 1,3
M_05_2_1-4,16
M_05_2_5-9,32
M_05_2_85 y más,27
M_05_2_Menor de 1,3
M_06_1_1-4,31
M_06_1_5-9,44
M_06_1_85 y más,27
M_06_1_Menor de 1,4
M_06_2_1-4,32
M_06_2_Menor de 1,1
M_07_1_1-4,42
M_07_1_80-84,28
M_07_1_85 y más,19
M_07_1_Menor de 1,4
M_07_2_1-4,19
M_07_2_5-9,40
M_07_2_80-84,42
M_07_2_85 y más,11
M_07_2_Menor de 1,4
M_08_1_1-4,15
M_08_1_15-19,48
M_08_1_20-24,38
M_08_1_5-9,40
M_08_1_55-59,33
M_08_1_70-74,28
M_08_1_75-79,18
M_08_1_80-84,10
M_08_1_85 y más,3
M_08_1_Menor de 1,3
M_08_2_1-4,6
M_08_2_10-14,44
M_08_2_15-19,49
M_08_2_20-24,32
M_08_2_25-29,26
M_08_2_35-39,38
M_08_2_40-44,40
M_08_2_45-49,49
M_08_2_5-9,29
M_08_2_50-54,36
M_08_2_55-59,49
M_08_2_60-64,45
M_08_2_65-69,36
M_08_2_70-74,34
M_08_2_75-79,20
M_08_2_80-84,7
M_08_2_85 y más,4
M_08_2_Menor de 1,1
M_09_2_Menor de 1,37
M_10_1_1-4,23
M_10_1_5-9,38
M_10_1_80-84,47
M_10_1_85 y más,34
M_10_1_Menor de 1,5
M_10_2_1-4,29
M_10_2_85 y más,40
M_10_2_Menor de 1,3
M_11_1_1-4,29
M_11_1_5-9,43
M_11_1_85 y más,47
M_11_1_Menor de 1,6
M_11_2_1-4,21
M_11_2_5-9,44
M_11_2_Menor de 1,7
M_12_1_1-4,48
M_12_1_75-79,33
M_12_1_80-84,16
M_12_1_85 y más,8
M_12_1_Menor de 1,5
M_12_2_1-4,31
M_12_2_80-84,21
M_12_2_85 y más,7
M_13_1_85 y más,28
M_13_1_Menor de 1,23
M_13_2_Menor de 1,13
M_14_1_1-4,17
M_14_1_10-14,40
M_14_1_15-19,39
M_14_1_20-24,37
M_14_1_25-29,38
M_14_1_30-34,29
M_14_1_35-39,45
M_14_1_40-44,30
M_14_1_45-49,32
M_14_1_5-9,26
M_14_1_50-54,25
M_14_1_55-59,25
M_14_1_60-64,36
M_14_1_65-69,22
M_14_1_70-74,24
M_14_1_75-79,17
M_14_1_80-84,11
M_14_1_85 y más,6
M_14_2_1-4,9
M_14_2_10-14,27
M_14_2_15-19,39
M_14_2_20-24,34
M_14_2_25-29,43
M_14_2_30-34,42
M_14_2_35-39,37
M_14_2_40-44,28
M_14_2_45-49,23
M_14_2_5-9,22
M_14_2_50-54,25
M_14_2_55-59,30
M_14_2_60-64,19
M_14_2_65-69,23
M_14_2_70-74,16
M_14_2_75-79,16
M_14_2_80-84,9
M_14_2_85 y más,6
M_14_2_Menor de 1,3
M_15_1_1-4,7
M_15_1_10-14,15
M_15_1_15-19,14
M_15_1_20-24,13
M_15_1_25-29,15
M_15_1_30-34,10
M_15_1_35-39,19
M_15_1_40-44,23
M_15_1_45-49,15
M_15_1_5-9,10
M_15_1_50-54,15
M_15_1_55-59,12
M_15_1_60-64,12
M_15_1_65-69,7
M_15_1_70-74,3
M_15_1_75-79,4
M_15_1_80-84,3
M_15_1_85 y más,4
M_15_2_1-4,1
M_15_2_10-14,12
M_15_2_15-19,19
M_15_2_20-24,15
M_15_2_25-29,21
M_15_2_30-34,27
M_15_2_35-39,18
M_15_2_40-44,22
M_15_2_45-49,17
M_15_2_5-9,10
M_15_2_50-54,13
M_15_2_55-59,14
M_15_2_60-64,14
M_15_2_65-69,13
M_15_2_70-74,9
M_15_2_75-79,8
M_15_2_80-84,7
M_15_2_85 y más,2
M_15_2_Menor de 1,5
M_16_1_1-4,12
M_16_1_10-14,30
M_16_1_15-19,34
M_16_1_20-24,38
M_16_1_25-29,33
M_16_1_40-44,33
M_16_1_45-49,27
M_16_1_5-9,23
M_16_1_50-54,37
M_16_1_55-59,35
M_16_1_60-64,27
M_16_1_65-69,16
M_16_1_70-74,9
M_16_1_75-79,9
M_16_1_80-84,4
M_16_1_85 y más,5
M_16_1_Menor de 1,3
M_16_2_1-4,6
M_16_2_10-14,22
M_16_2_15-19,21
M_16_2_20-24,29
M_16_2_25-29,33
M_16_2_30-34,40
M_16_2_35-39,36
M_16_2_40-44,35
M_16_2_45-49,38
M_16_2_5-9,18
M_16_2_50-54,29
M_16_2_55-59,27
M_16_2_60-64,27
M_16_2_65-69,18
M_16_2_70-74,16
M_16_2_75-79,20
M_16_2_80-84,9
M_16_2_85 y más,2
M_16_2_Menor de 1,4
M_17_1_Menor de 1,28
M_17_2_Menor de 1,17
M_18_1_1-4,42
M_18_1_85 y más,36
M_18_1_Menor de 1,3
M_18_2_1-4,39
M_18_2_5-9,42
M_18_2_Menor de 1,1
M_19_1_1-4,13
M_19_1_10-14,23
M_19_1_15-19,21
M_19_1_20-24,45
M_19_1_25-29,42
M_19_1_35-39,39
M_19_1_45-49,24
M_19_1_5-9,30
M_19_1_50-54,20
M_19_1_55-59,19
M_19_1_60-64,28
M_19_1_65-69,12
M_19_1_70-74,16
M_19_1_75-79,14
M_19_1_80-84,6
M_19_1_85 y más,6
M_19_2_1-4,19
M_19_2_10-14,26
M_19_2_15-19,28
M_19_2_20-24,26
M_19_2_25-29,47
M_19_2_30-34,29
M_19_2_35-39,48
M_19_2_40-44,31
M_19_2_45-49,39
M_19_2_5-9,12
M_19_2_50-54,19
M_19_2_55-59,20
M_19_2_60-64,33
M_19_2_65-69,26
M_19_2_70-74,20
M_19_2_75-79,14
M_19_2_80-84,16
M_20_1_1-4,7
M_20_1_10-14,11
M_20_1_15-19,8
M_20_1_20-24,7
M_20_1_25-29,17
M_20_1_30-34,16
M_20_1_35-39,15
M_20_1_40-44,10
M_20_1_45-49,14
M_20_1_5-9,6
M_20_1_50-54,15
M_20_1_55-59,17
M_20_1_60-64,22
M_20_1_65-69,16
M_20_1_70-74,10
M_20_1_75-79,9
M_20_1_80-84,2
M_20_1_85 y más,3
M_20_2_10-14,5
M_20_2_15-19,3
M_20_2_20-24,8
M_20_2_25-29,12
M_20_2_30-34,13
M_20_2_35-39,16
M_20_2_40-44,15
M_20_2_45-49,19
M_20_2_5-9,1
M_20_2_50-54,25
M_20_2_55-59,13
M_20_2_60-64,13
M_20_2_65-69,17
M_20_2_70-74,11
M_20_2_75-79,8
M_20_2_80-84,1
M_20_2_Menor de 1,2
M_21_1_1-4,15
M_21_1_10-14,34
M_21_1_15-19,27
M_21_1_20-24,30
M_21_1_25-29,32
M_21_1_30-34,29
M_21_1_35-39,46
M_21_1_40-44,28
M_21_1_45-49,32
M_21_1_5-9,29
M_21_1_50-54,25
M_21_1_55-59,28
M_21_1_60-64,22
M_21_1_65-69,22
M_21_1_70-74,16
M_21_1_75-79,9
M_21_1_80-84,7
M_21_1_85 y más,1
M_21_1_Menor de 1,3
M_21_2_1-4,12
M_21_2_10-14,28
M_21_2_15-19,22
M_21_2_20-24,28
M_21_2_25-29,43
M_21_2_30-34,32
M_21_2_35-39,30
M_21_2_40-44,45
M_21_2_45-49,32
M_21_2_5-9,21
M_21_2_50-54,27
M_21_2_55-59,25
M_21_2_60-64,25
M_21_2_65-69,7
M_21_2_70-74,5
M_21_2_75-79,8
M_21_2_80-84,3
M_22_1_1-4,5
M_22_1_10-14,21
M_22_1_15-19,20
M_22_1_20-24,22
M_22_1_25-29,26
M_22_1_30-34,36
M_22_1_35-39,26
M_22_1_40-44,32
M_22_1_45-49,9
M_22_1_5-9,14
M_22_1_50-54,16
M_22_1_55-59,11
M_22_1_60-64,11
M_22_1_65-69,14
M_22_1_70-74,9
M_22_1_75-79,2
M_22_1_80-84,1
M_22_1_85 y más,3
M_22_2_1-4,7
M_22_2_10-14,13
M_22_2_15-19,14
M_22_2_20-24,13
M_22_2_25-29,26
M_22_2_30-34,21
M_22_2_35-39,8
M_22_2_40-44,12
M_22_2_45-49,16
M_22_2_5-9,13
M_22_2_50-54,23
M_22_2_55-59,7
M_22_2_60-64,15
M_22_2_65-69,3
M_22_2_70-74,4
M_22_2_75-79,9
M_22_2_80-84,3
M_22_2_Menor de 1,1
M_23_1_1-4,30
M_23_1_70-74,48
M_23_1_75-79,35
M_23_1_80-84,29
M_23_1_85 y más,12
M_23_1_Menor de 1,7
M_23_2_1-4,17
M_23_2_5-9,34
M_23_2_75-79,35
M_23_2_80-84,28
M_23_2_85 y más,18
M_23_2_Menor de 1,6
M_24_1_1-4,15
M_24_1_15-19,29
M_24_1_20-24,41
M_24_1_25-29,47
M_24_1_5-9,18
M_24_1_55-59,42
M_24_1_60-64,49
M_24_1_65-69,39
M_24_1_70-74,33
M_24_1_75-79,26
M_24_1_80-84,7
M_24_1_85 y más,3
M_24_1_Menor de 1,2
M_24_2_1-4,8
M_24_2_10-14,28
M_24_2_15-19,36
M_24_2_30-34,38
M_24_2_35-39,46
M_24_2_40-44,49
M_24_2_5-9,12
M_24_2_55-59,48
M_24_2_60-64,44
M_24_2_65-69,33
M_24_2_70-74,31
M_24_2_75-79,15
M_24_2_80-84,8
M_24_2_85 y más,7
M_24_2_Menor de 1,1
M_88_1_1-4,1
M_88_1_15-19,3
M_88_1_20-24,2
M_88_1_25-29,2
M_88_1_30-34,4
M_88_1_35-39,2
M_88_1_40-44,2
M_88_1_45-49,5
M_88_1_55-59,1
M_88_1_60-64,2
M_88_1_65-69,2
M_88_1_70-74,3
M_88_1_75-79,2
M_88_2_1-4,1
M_88_2_10-14,5
M_88_2_15-19,3
M_88_2_20-24,4
M_88_2_25-29,1
M_88_2_30-34,2
M_88_2_40-44,1
M_88_2_45-49,5
M_88_2_5-9,1
M_88_2_50-54,2
M_88_2_55-59,3
M_88_2_60-64,6
M_88_2_65-69,1
M_88_2_70-74,1
M_88_2_85 y más,1
N_02_1_10-14,46
N_02_1_5-9,48
N_02_1_Menor de 1,11
N_02_2_Menor de 1,20
N_03_1_Menor de 1,31
N_03_2_Menor de 1,42
N_04_1_25-29,42
N_04_1_30-34,44
N_04_1_35-39,44
N_04_1_40-44,35
N_04_1_Menor de 1,17
N_04_2_10-14,46
N_04_2_Menor de 1,41
N_05_1_Menor de 1,29
N_05_2_Menor de 1,46
N_06_1_Menor de 1,42
N_06_2_Menor de 1,45
N_11_1_Menor de 1,48
N_14_1_40-44,49
N_14_1_Menor de 1,38
N_14_2_Menor de 1,41
N_15_1_10-14,40
N_15_1_15-19,42
N_15_1_20-24,30
N_15_1_25-29,28
N_15_1_30-34,49
N_15_1_35-39,31
N_15_1_40-44,33
N_15_1_45-49,43
N_15_1_5-9,40
N_15_1_50-54,33
N_15_1_80-84,35
N_15_1_85 y más,36
N_15_1_Menor de 1,43
N_15_2_10-14,45
N_15_2_70-74,44
N_15_2_80-84,33
N_15_2_85 y más,47
N_16_1_1-4,44
N_16_1_10-14,36
N_16_1_25-29,41
N_16_1_30-34,43
N_16_1_80-84,44
N_16_1_Menor de 1,18
N_16_2_75-79,41
N_16_2_80-84,18
N_16_2_85 y más,34
N_16_2_Menor de 1,24
N_19_1_10-14,46
N_19_1_50-54,43
N_19_1_Menor de 1,17
N_20_1_1-4,7
N_20_1_10-14,8
N_20_1_15-19,6
N_20_1_20-24,7
N_20_1_25-29,6
N_20_1_30-34,11
N_20_1_35-39,8
N_20_1_40-44,12
N_20_1_45-49,13
N_20_1_5-9,5
N_20_1_50-54,10
N_20_1_55-59,14
N_20_1_60-64,15
N_20_1_65-69,18
N_20_1_70-74,13
N_20_1_75-79,12
N_20_1_80-84,16
N_20_1_85 y más,7
N_20_1_Menor de 1,1
N_20_2_1-4,13
N_20_2_10-14,8
N_20_2_15-19,22
N_20_2_20-24,28
N_20_2_25-29,48
N_20_2_30-34,46
N_20_2_5-9,12
N_20_2_50-54,43
N_20_2_55-59,25
N_20_2_60-64,17
N_20_2_65-69,10
N_20_2_70-74,7
N_20_2_75-79,5
N_20_2_80-84,5
N_20_2_85 y más,3
N_20_2_Menor de 1,4
N_21_1_20-24,49
N_21_1_5-9,47
N_21_1_Menor de 1,24
N_21_2_80-84,35
N_21_2_85 y más,22
N_21_2_Menor de 1,42
N_22_1_15-19,45
N_22_1_20-24,41
N_22_1_30-34,45
N_22_1_45-49,44
N_22_1_5-9,32
N_22_1_50-54,31
N_22_1_80-84,36
N_22_1_85 y más,25
N_22_1_Menor de 1,22
N_22_2_5-9,45
N_22_2_70-74,47
N_22_2_75-79,27
N_22_2_80-84,18
N_22_2_85 y más,17
N_22_2_Menor de 1,25
N_24_1_Menor de 1,27
N_24_2_Menor de 1,37
N_88_1_1-4,7
N_88_1_15-19,7
N_88_1_20-24,2
N_88_1_25-29,4
N_88_1_30-34,1
N_88_1_35-39,7
N_88_1_40-44,3
N_88_1_45-49,5
N_88_1_5-9,4
N_88_1_50-54,2
N_88_1_55-59,7
N_88_1_60-64,8
N_88_1_65-69,11
N_88_1_70-74,7
N_88_1_75-79,5
N_88_1_80-84,5
N_88_1_85 y más,2
N_88_1_Menor de 1,1
N_88_2_1-4,10
N_88_2_10-14,4
N_88_2_15-19,16
N_88_2_20-24,15
N_88_2_25-29,19
N_88_2_30-34,14
N_88_2_35-39,14
N_88_2_40-44,15
N_88_2_45-49,6
N_88_2_5-9,3
N_88_2_50-54,6
N_88_2_55-59,7
N_88_2_60-64,5
N_88_2_65-69,7
N_88_2_70-74,8
N_88_2_75-79,2
N_88_2_80-84,5
N_88_2_Menor de 1,5
O_01_2_50-54,9
O_03_2_50-54,1
O_04_2_45-49,44
O_04_2_50-54,4
O_04_2_55-59,2
O_05_2_50-54,2
O_06_2_50-54,4
O_07_2_50-54,8
O_07_2_55-59,1
O_08_2_50-54,1
O_09_2_55-59,2
O_10_2_50-54,3
O_12_2_50-54,7
O_13_2_50-54,20
O_13_2_55-59,1
O_14_2_50-54,5
O_15_2_50-54,3
O_16_2_50-54,3
O_17_2_50-54,24
O_17_2_55-59,3
O_17_2_60-64,1
O_18_2_50-54,4
O_19_2_45-49,47
O_20_2_10-14,13
O_20_2_45-49,16
O_21_2_50-54,4
O_22_2_45-49,39
O_23_2_50-54,7
O_24_2_50-54,2
O_24_2_55-59,1
O_88_2_10-14,7
O_88_2_40-44,39
O_88_2_45-49,4
P_01_2_35-39,1
P_07_2_20-24,1
P_08_2_40-44,1
P_09_2_15-19,1
P_09_2_20-24,4
P_09_2_25-29,2
P_09_2_30-34,3
P_10_2_30-34,1
P_11_2_25-29,1
P_11_2_30-34,2
P_13_2_20-24,1
P_13_2_25-29,1
P_13_2_30-34,1
P_14_2_15-19,2
P_14_2_35-39,1
P_15_2_30-34,1
P_17_2_15-19,2
P_17_2_20-24,1
P_17_2_25-29,3
P_17_2_30-34,3
P_17_2_35-39,6
P_17_2_40-44,1
P_18_2_15-19,1
P_24_2_15-19,1
P_24_2_20-24,1
P_24_2_25-29,1
P_24_2_35-39,1
P_24_2_40-44,1
P_88_1_Menor de 1,15
P_88_2_Menor de 1,12
Q_01_1_25-29,39
Q_01_1_30-34,29
Q_01_1_35-39,32
Q_01_1_40-44,35
Q_01_1_45-49,17
Q_01_1_50-54,20
Q_01_1_55-59,21
Q_01_1_60-64,28
Q_01_1_65-69,12
Q_01_1_70-74,19
Q_01_1_75-79,13
Q_01_1_80-84,11
Q_01_1_85 y más,11
Q_01_2_55-59,41
Q_01_2_60-64,20
Q_01_2_65-69,32
Q_01_2_70-74,22
Q_01_2_75-79,18
Q_01_2_80-84,8
Q_01_2_85 y más,10
Q_02_1_10-14,32
Q_02_1_15-19,19
Q_02_1_20-24,10
Q_02_1_25-29,3
Q_02_1_30-34,8
Q_02_1_35-39,1
Q_02_1_40-44,1
Q_02_1_45-49,1
Q_02_1_5-9,45
Q_02_1_50-54,4
Q_02_1_55-59,2
Q_02_1_60-64,2
Q_02_1_65-69,1
Q_02_1_70-74,3
Q_02_1_85 y más,2
Q_02_2_1-4,34
Q_02_2_10-14,20
Q_02_2_15-19,23
Q_02_2_20-24,15
Q_02_2_25-29,16
Q_02_2_30-34,10
Q_02_2_35-39,16
Q_02_2_40-44,10
Q_02_2_45-49,7
Q_02_2_5-9,15
Q_02_2_50-54,4
Q_02_2_55-59,7
Q_02_2_60-64,5
Q_02_2_65-69,1
Q_02_2_70-74,2
Q_02_2_75-79,4
Q_02_2_80-84,1
Q_02_2_85 y más,2
Q_02_2_Menor de 1,48
Q_03_1_15-19,18
Q_03_1_20-24,8
Q_03_1_25-29,10
Q_03_1_30-34,8
Q_03_1_35-39,4
Q_03_1_40-44,1
Q_03_1_45-49,6
Q_03_1_50-54,8
Q_03_1_55-59,5
Q_03_1_60-64,3
Q_03_1_65-69,2
Q_03_1_70-74,3
Q_03_1_75-79,3
Q_03_1_80-84,5
Q_03_1_85 y más,2
Q_03_2_10-14,39
Q_03_2_15-19,15
Q_03_2_20-24,19
Q_03_2_25-29,18
Q_03_2_30-34,18
Q_03_2_35-39,19
Q_03_2_40-44,11
Q_03_2_45-49,19
Q_03_2_5-9,39
Q_03_2_50-54,10
Q_03_2_55-59,10
Q_03_2_60-64,6
Q_03_2_65-69,4
Q_03_2_70-74,4
Q_03_2_75-79,3
Q_03_2_80-84,3
Q_03_2_85 y más,4
Q_04_1_10-14,33
Q_04_1_15-19,24
Q_04_1_20-24,1
Q_04_1_25-29,4
Q_04_1_30-34,2
Q_04_1_35-39,5
Q_04_1_40-44,4
Q_04_1_45-49,3
Q_04_1_55-59,2
Q_04_1_60-64,6
Q_04_1_65-69,3
Q_04_1_70-74,7
Q_04_1_75-79,2
Q_04_1_80-84,1
Q_04_1_85 y más,1
Q_04_2_10-14,19
Q_04_2_15-19,13
Q_04_2_20-24,6
Q_04_2_25-29,4
Q_04_2_30-34,10
Q_04_2_35-39,13
Q_04_2_40-44,9
Q_04_2_45-49,4
Q_04_2_5-9,20
Q_04_2_50-54,5
Q_04_2_55-59,2
Q_04_2_60-64,1
Q_04_2_65-69,2
Q_04_2_70-74,4
Q_04_2_75-79,2
Q_04_2_80-84,3
Q_04_2_Menor de 1,47
Q_05_1_15-19,36
Q_05_1_20-24,14
Q_05_1_25-29,3
Q_05_1_30-34,5
Q_05_1_35-39,7
Q_05_1_40-44,6
Q_05_1_45-49,3
Q_05_1_50-54,5
Q_05_1_55-59,3
Q_05_1_60-64,5
Q_05_1_65-69,4
Q_05_1_70-74,2
Q_05_1_75-79,6
Q_05_1_85 y más,2
Q_05_2_10-14,41
Q_05_2_15-19,40
Q_05_2_20-24,25
Q_05_2_25-29,25
Q_05_2_30-34,24
Q_05_2_35-39,32
Q_05_2_40-44,21
Q_05_2_45-49,20
Q_05_2_5-9,49
Q_05_2_50-54,11
Q_05_2_55-59,7
Q_05_2_60-64,2
Q_05_2_65-69,5
Q_05_2_70-74,2
Q_05_2_75-79,2
Q_05_2_80-84,1
Q_05_2_85 y más,1
Q_06_1_15-19,37
Q_06_1_20-24,21
Q_06_1_25-29,16
Q_06_1_30-34,7
Q_06_1_35-39,7
Q_06_1_40-44,3
Q_06_1_45-49,9
Q_06_1_50-54,7
Q_06_1_55-59,6
Q_06_1_60-64,5
Q_06_1_65-69,7
Q_06_1_70-74,3
Q_06_1_75-79,4
Q_06_1_80-84,3
Q_06_1_85 y más,2
Q_06_2_10-14,48
Q_06_2_15-19,33
Q_06_2_20-24,20
Q_06_2_25-29,27
Q_06_2_30-34,21
Q_06_2_35-39,19
Q_06_2_40-44,17
Q_06_2_45-49,13
Q_06_2_50-54,12
Q_06_2_55-59,8
Q_06_2_60-64,14
Q_06_2_65-69,4
Q_06_2_70-74,5
Q_06_2_75-79,3
Q_06_2_80-84,3
Q_06_2_85 y más,1
Q_07_1_15-19,41
Q_07_1_20-24,20
Q_07_1_25-29,22
Q_07_1_30-34,11
Q_07_1_35-39,16
Q_07_1_40-44,11
Q_07_1_45-49,15
Q_07_1_50-54,9
Q_07_1_55-59,19
Q_07_1_60-64,11
Q_07_1_65-69,11
Q_07_1_70-74,3
Q_07_1_75-79,10
Q_07_1_80-84,1
Q_07_1_85 y más,3
Q_07_2_20-24,40
Q_07_2_25-29,31
Q_07_2_30-34,43
Q_07_2_35-39,25
Q_07_2_40-44,30
Q_07_2_45-49,20
Q_07_2_50-54,19
Q_07_2_55-59,14
Q_07_2_60-64,9
Q_07_2_65-69,10
Q_07_2_70-74,7
Q_07_2_75-79,5
Q_07_2_80-84,3
Q_07_2_85 y más,3
Q_08_1_10-14,39
Q_08_1_15-19,6
Q_08_1_20-24,5
Q_08_1_25-29,11
Q_08_1_30-34,13
Q_08_1_35-39,6
Q_08_1_40-44,8
Q_08_1_45-49,7
Q_08_1_50-54,4
Q_08_1_55-59,2
Q_08_1_60-64,5
Q_08_1_65-69,4
Q_08_1_70-74,4
Q_08_1_75-79,2
Q_08_2_10-14,27
Q_08_2_15-19,22
Q_08_2_20-24,12
Q_08_2_25-29,14
Q_08_2_30-34,24
Q_08_2_35-39,18
Q_08_2_40-44,18
Q_08_2_45-49,15
Q_08_2_5-9,34
Q_08_2_50-54,9
Q_08_2_55-59,3
Q_08_2_60-64,3
Q_08_2_65-69,6
Q_08_2_70-74,3
Q_08_2_75-79,1
Q_08_2_85 y más,1
Q_09_1_45-49,47
Q_09_1_65-69,49
Q_09_1_70-74,35
Q_09_1_75-79,28
Q_09_1_80-84,21
Q_09_1_85 y más,10
Q_09_2_70-74,42
Q_09_2_75-79,20
Q_09_2_80-84,10
Q_09_2_85 y más,8
Q_10_1_20-24,19
Q_10_1_25-29,12
Q_10_1_30-34,15
Q_10_1_35-39,13
Q_10_1_40-44,11
Q_10_1_45-49,5
Q_10_1_50-54,3
Q_10_1_55-59,8
Q_10_1_60-64,11
Q_10_1_65-69,5
Q_10_1_70-74,4
Q_10_1_75-79,3
Q_10_1_80-84,3
Q_10_1_85 y más,2
Q_10_2_15-19,42
Q_10_2_20-24,44
Q_10_2_25-29,32
Q_10_2_30-34,35
Q_10_2_35-39,18
Q_10_2_40-44,27
Q_10_2_45-49,23
Q_10_2_50-54,13
Q_10_2_55-59,14
Q_10_2_60-64,12
Q_10_2_65-69,10
Q_10_2_70-74,4
Q_10_2_75-79,2
Q_10_2_80-84,2
Q_10_2_85 y más,3
Q_11_1_20-24,22
Q_11_1_25-29,12
Q_11_1_30-34,13
Q_11_1_35-39,13
Q_11_1_40-44,9
Q_11_1_45-49,9
Q_11_1_50-54,12
Q_11_1_55-59,7
Q_11_1_60-64,12
Q_11_1_65-69,9
Q_11_1_70-74,4
Q_11_1_75-79,4
Q_11_1_80-84,3
Q_11_1_85 y más,3
Q_11_2_10-14,48
Q_11_2_15-19,49
Q_11_2_20-24,48
Q_11_2_25-29,36
Q_11_2_30-34,41
Q_11_2_35-39,34
Q_11_2_40-44,29
Q_11_2_45-49,21
Q_11_2_50-54,14
Q_11_2_55-59,14
Q_11_2_60-64,13
Q_11_2_65-69,8
Q_11_2_70-74,5
Q_11_2_75-79,2
Q_11_2_80-84,7
Q_11_2_85 y más,3
Q_12_1_15-19,37
Q_12_1_20-24,17
Q_12_1_25-29,8
Q_12_1_30-34,7
Q_12_1_35-39,15
Q_12_1_40-44,9
Q_12_1_45-49,9
Q_12_1_50-54,3
Q_12_1_55-59,8
Q_12_1_60-64,5
Q_12_1_65-69,4
Q_12_1_70-74,2
Q_12_1_80-84,1
Q_12_1_85 y más,2
Q_12_2_15-19,41
Q_12_2_20-24,32
Q_12_2_25-29,20
Q_12_2_30-34,25
Q_12_2_35-39,30
Q_12_2_40-44,18
Q_12_2_45-49,18
Q_12_2_50-54,4
Q_12_2_55-59,11
Q_12_2_60-64,5
Q_12_2_65-69,5
Q_12_2_70-74,3
Q_12_2_75-79,6
Q_12_2_80-84,1
Q_12_2_85 y más,2
Q_13_1_20-24,48
Q_13_1_25-29,35
Q_13_1_30-34,25
Q_13_1_35-39,20
Q_13_1_40-44,33
Q_13_1_45-49,20
Q_13_1_50-54,17
Q_13_1_55-59,16
Q_13_1_60-64,14
Q_13_1_65-69,17
Q_13_1_70-74,12
Q_13_1_75-79,9
Q_13_1_80-84,6
Q_13_1_85 y más,2
Q_13_2_50-54,44
Q_13_2_55-59,27
Q_13_2_60-64,30
Q_13_2_65-69,20
Q_13_2_70-74,19
Q_13_2_75-79,9
Q_13_2_80-84,8
Q_13_2_85 y más,4
Q_14_1_10-14,18
Q_14_1_15-19,14
Q_14_1_20-24,5
Q_14_1_25-29,2
Q_14_1_30-34,2
Q_14_1_35-39,2
Q_14_1_40-44,1
Q_14_1_45-49,2
Q_14_1_5-9,42
Q_14_1_50-54,2
Q_14_1_65-69,2
Q_14_1_70-74,2
Q_14_1_80-84,2
Q_14_1_85 y más,1
Q_14_2_10-14,12
Q_14_2_15-19,10
Q_14_2_20-24,14
Q_14_2_25-29,13
Q_14_2_30-34,13
Q_14_2_35-39,6
Q_14_2_40-44,7
Q_14_2_45-49,3
Q_14_2_5-9,33
Q_14_2_50-54,2
Q_14_2_55-59,2
Q_14_2_60-64,1
Q_14_2_65-69,5
Q_14_2_70-74,1
Q_14_2_75-79,4
Q_14_2_80-84,1
Q_15_1_10-14,17
Q_15_1_15-19,6
Q_15_1_20-24,2
Q_15_1_30-34,7
Q_15_1_45-49,2
Q_15_1_5-9,40
Q_15_1_50-54,1
Q_15_1_55-59,1
Q_15_1_60-64,1
Q_15_2_1-4,31
Q_15_2_10-14,15
Q_15_2_15-19,16
Q_15_2_20-24,13
Q_15_2_25-29,7
Q_15_2_30-34,8
Q_15_2_35-39,13
Q_15_2_40-44,8
Q_15_2_45-49,9
Q_15_2_5-9,14
Q_15_2_50-54,4
Q_15_2_55-59,3
Q_15_2_60-64,1
Q_15_2_65-69,2
Q_15_2_70-74,1
Q_15_2_75-79,1
Q_16_1_1-4,49
Q_16_1_10-14,18
Q_16_1_15-19,16
Q_16_1_20-24,5
Q_16_1_35-39,1
Q_16_1_40-44,2
Q_16_1_45-49,2
Q_16_1_5-9,18
Q_16_1_55-59,2
Q_16_1_60-64,2
Q_16_1_65-69,3
Q_16_1_70-74,3
Q_16_1_75-79,1
Q_16_2_1-4,32
Q_16_2_10-14,6
Q_16_2_15-19,9
Q_16_2_20-24,7
Q_16_2_25-29,7
Q_16_2_30-34,6
Q_16_2_35-39,4
Q_16_2_40-44,6
Q_16_2_45-49,3
Q_16_2_5-9,18
Q_16_2_50-54,3
Q_16_2_55-59,1
Q_16_2_60-64,1
Q_16_2_75-79,1
Q_16_2_85 y más,1
Q_17_1_70-74,43
Q_17_1_75-79,27
Q_17_1_80-84,24
Q_17_1_85 y más,16
Q_17_2_70-74,46
Q_17_2_75-79,33
Q_17_2_80-84,23
Q_17_2_85 y más,28
Q_18_1_15-19,44
Q_18_1_20-24,35
Q_18_1_25-29,10
Q_18_1_30-34,21
Q_18_1_35-39,14
Q_18_1_40-44,13
Q_18_1_45-49,12
Q_18_1_50-54,8
Q_18_1_55-59,10
Q_18_1_60-64,8
Q_18_1_65-69,8
Q_18_1_70-74,8
Q_18_1_75-79,1
Q_18_1_80-84,3
Q_18_1_85 y más,2
Q_18_2_20-24,38
Q_18_2_25-29,37
Q_18_2_30-34,46
Q_18_2_35-39,43
Q_18_2_40-44,22
Q_18_2_45-49,34
Q_18_2_50-54,21
Q_18_2_55-59,15
Q_18_2_60-64,12
Q_18_2_65-69,11
Q_18_2_70-74,7
Q_18_2_75-79,2
Q_18_2_80-84,5
Q_18_2_85 y más,6
Q_19_1_10-14,20
Q_19_1_15-19,8
Q_19_1_20-24,6
Q_19_1_25-29,2
Q_19_1_35-39,2
Q_19_1_40-44,1
Q_19_1_45-49,1
Q_19_1_5-9,43
Q_19_1_55-59,1
Q_19_1_75-79,1
Q_19_1_85 y más,1
Q_19_2_1-4,22
Q_19_2_10-14,12
Q_19_2_15-19,8
Q_19_2_20-24,5
Q_19_2_25-29,9
Q_19_2_30-34,5
Q_19_2_35-39,8
Q_19_2_40-44,6
Q_19_2_45-49,4
Q_19_2_5-9,14
Q_19_2_50-54,5
Q_19_2_55-59,4
Q_19_2_65-69,1
Q_19_2_80-84,1
Q_19_2_Menor de 1,41
Q_20_1_1-4,7
Q_20_1_10-14,6
Q_20_1_30-34,2
Q_20_1_45-49,2
Q_20_1_5-9,3
Q_20_1_Menor de 1,7
Q_20_2_1-4,7
Q_20_2_10-14,5
Q_20_2_15-19,4
Q_20_2_20-24,3
Q_20_2_25-29,2
Q_20_2_30-34,1
Q_20_2_35-39,6
Q_20_2_45-49,3
Q_20_2_5-9,2
Q_20_2_50-54,2
Q_20_2_75-79,1
Q_20_2_80-84,1
Q_20_2_Menor de 1,6
Q_21_1_10-14,29
Q_21_1_15-19,9
Q_21_1_20-24,4
Q_21_1_25-29,2
Q_21_1_30-34,5
Q_21_1_35-39,3
Q_21_1_40-44,1
Q_21_1_45-49,3
Q_21_1_50-54,3
Q_21_1_55-59,2
Q_21_1_60-64,1
Q_21_1_65-69,4
Q_21_2_1-4,34
Q_21_2_10-14,12
Q_21_2_15-19,15
Q_21_2_20-24,7
Q_21_2_25-29,11
Q_21_2_30-34,12
Q_21_2_35-39,7
Q_21_2_40-44,5
Q_21_2_45-49,1
Q_21_2_5-9,26
Q_21_2_50-54,2
Q_21_2_65-69,1
Q_21_2_75-79,1
Q_21_2_80-84,1
Q_21_2_Menor de 1,45
Q_22_1_10-14,13
Q_22_1_15-19,10
Q_22_1_20-24,2
Q_22_1_25-29,5
Q_22_1_30-34,3
Q_22_1_45-49,1
Q_22_1_5-9,20
Q_22_1_50-54,1
Q_22_1_55-59,3
Q_22_1_60-64,1
Q_22_1_70-74,1
Q_22_2_1-4,30
Q_22_2_10-14,12
Q_22_2_15-19,7
Q_22_2_20-24,6
Q_22_2_25-29,1
Q_22_2_30-34,3
Q_22_2_35-39,2
Q_22_2_40-44,2
Q_22_2_45-49,6
Q_22_2_5-9,13
Q_22_2_50-54,1
Q_22_2_55-59,1
Q_23_1_15-19,30
Q_23_1_20-24,17
Q_23_1_25-29,11
Q_23_1_30-34,8
Q_23_1_35-39,11
Q_23_1_40-44,4
Q_23_1_45-49,6
Q_23_1_50-54,7
Q_23_1_55-59,9
Q_23_1_60-64,10
Q_23_1_65-69,3
Q_23_1_70-74,4
Q_23_1_75-79,3
Q_23_1_80-84,2
Q_23_1_85 y más,3
Q_23_2_10-14,48
Q_23_2_15-19,25
Q_23_2_20-24,32
Q_23_2_25-29,28
Q_23_2_30-34,25
Q_23_2_35-39,21
Q_23_2_40-44,20
Q_23_2_45-49,20
Q_23_2_50-54,15
Q_23_2_55-59,8
Q_23_2_60-64,8
Q_23_2_65-69,3
Q_23_2_70-74,4
Q_23_2_75-79,3
Q_23_2_80-84,2
Q_23_2_85 y más,3
Q_24_1_10-14,43
Q_24_1_15-19,17
Q_24_1_20-24,3
Q_24_1_25-29,7
Q_24_1_30-34,3
Q_24_1_35-39,4
Q_24_1_40-44,2
Q_24_1_50-54,4
Q_24_1_55-59,2
Q_24_1_60-64,3
Q_24_1_65-69,3
Q_24_1_70-74,1
Q_24_1_75-79,1
Q_24_2_10-14,24
Q_24_2_15-19,18
Q_24_2_20-24,23
Q_24_2_25-29,19
Q_24_2_30-34,13
Q_24_2_35-39,18
Q_24_2_40-44,17
Q_24_2_45-49,11
Q_24_2_5-9,32
Q_24_2_50-54,3
Q_24_2_55-59,4
Q_24_2_60-64,9
Q_24_2_65-69,3
Q_24_2_70-74,3
Q_24_2_75-79,1
Q_24_2_85 y más,2
Q_88_1_15-19,1
Q_88_1_20-24,2
Q_88_1_5-9,2
Q_88_1_65-69,1
Q_88_2_1-4,1
Q_88_2_20-24,1
Q_88_2_Menor de 1,3
R_01_1_Menor de 1,42
R_01_2_Menor de 1,41
R_02_1_1-4,21
R_02_1_10-14,35
R_02_1_15-19,23
R_02_1_20-24,14
R_02_1_25-29,17
R_02_1_30-34,16
R_02_1_35-39,20
R_02_1_40-44,30
R_02_1_45-49,15
R_02_1_5-9,25
R_02_1_50-54,27
R_02_1_55-59,21
R_02_1_60-64,23
R_02_1_65-69,29
R_02_1_70-74,24
R_02_1_75-79,26
R_02_1_80-84,21
R_02_1_85 y más,34
R_02_1_Menor de 1,4
R_02_2_1-4,26
R_02_2_10-14,21
R_02_2_15-19,33
R_02_2_20-24,20
R_02_2_25-29,27
R_02_2_30-34,31
R_02_2_35-39,34
R_02_2_40-44,14
R_02_2_45-49,26
R_02_2_5-9,18
R_02_2_50-54,30
R_02_2_55-59,32
R_02_2_60-64,20
R_02_2_65-69,24
R_02_2_70-74,19
R_02_2_75-79,16
R_02_2_80-84,23
R_02_2_85 y más,26
R_02_2_Menor de 1,6
R_03_1_1-4,44
R_03_1_10-14,21
R_03_1_15-19,31
R_03_1_20-24,14
R_03_1_25-29,17
R_03_1_30-34,25
R_03_1_35-39,27
R_03_1_40-44,27
R_03_1_45-49,12
R_03_1_5-9,29
R_03_1_50-54,16
R_03_1_55-59,25
R_03_1_60-64,30
R_03_1_65-69,27
R_03_1_70-74,36
R_03_1_75-79,45
R_03_1_80-84,39
R_03_1_85 y más,24
R_03_1_Menor de 1,15
R_03_2_1-4,26
R_03_2_10-14,23
R_03_2_15-19,32
R_03_2_20-24,32
R_03_2_25-29,30
R_03_2_30-34,29
R_03_2_35-39,28
R_03_2_40-44,25
R_03_2_45-49,33
R_03_2_5-9,26
R_03_2_50-54,34
R_03_2_55-59,35
R_03_2_60-64,31
R_03_2_65-69,47
R_03_2_70-74,36
R_03_2_75-79,45
R_03_2_80-84,41
R_03_2_85 y más,48
R_03_2_Menor de 1,13
R_04_1_1-4,26
R_04_1_10-14,21
R_04_1_15-19,18
R_04_1_20-24,10
R_04_1_25-29,23
R_04_1_30-34,15
R_04_1_35-39,12
R_04_1_40-44,17
R_04_1_45-49,8
R_04_1_5-9,41
R_04_1_50-54,10
R_04_1_55-59,10
R_04_1_60-64,17
R_04_1_65-69,11
R_04_1_70-74,16
R_04_1_75-79,14
R_04_1_80-84,7
R_04_1_85 y más,12
R_04_1_Menor de 1,11
R_04_2_1-4,21
R_04_2_10-14,26
R_04_2_15-19,15
R_04_2_20-24,12
R_04_2_25-29,19
R_04_2_30-34,14
R_04_2_35-39,13
R_04_2_40-44,17
R_04_2_45-49,17
R_04_2_5-9,27
R_04_2_50-54,9
R_04_2_55-59,10
R_04_2_60-64,13
R_04_2_65-69,21
R_04_2_70-74,13
R_04_2_75-79,9
R_04_2_80-84,11
R_04_2_85 y más,14
R_05_1_40-44,43
R_05_1_45-49,41
R_05_1_50-54,38
R_05_1_55-59,46
R_05_1_60-64,35
R_05_1_65-69,47
R_05_1_70-74,43
R_05_1_75-79,43
R_05_1_80-84,30
R_05_1_85 y más,37
R_05_1_Menor de 1,27
R_05_2_10-14,49
R_05_2_45-49,45
R_05_2_5-9,38
R_05_2_55-59,44
R_05_2_60-64,38
R_05_2_65-69,44
R_05_2_70-74,49
R_05_2_75-79,39
R_05_2_80-84,35
R_05_2_85 y más,32
R_05_2_Menor de 1,23
R_06_1_Menor de 1,19
R_06_2_Menor de 1,35
R_07_1_15-19,49
R_07_1_20-24,41
R_07_1_25-29,38
R_07_1_30-34,46
R_07_1_35-39,44
R_07_1_40-44,36
R_07_1_45-49,28
R_07_1_50-54,27
R_07_1_55-59,27
R_07_1_60-64,39
R_07_1_65-69,34
R_07_1_70-74,40
R_07_1_75-79,34
R_07_1_80-84,28
R_07_1_85 y más,33
R_07_1_Menor de 1,37
R_07_2_15-19,47
R_07_2_30-34,42
R_07_2_40-44,36
R_07_2_45-49,43
R_07_2_50-54,29
R_07_2_55-59,38
R_07_2_60-64,39
R_07_2_65-69,44
R_07_2_70-74,37
R_07_2_75-79,41
R_07_2_80-84,34
R_07_2_85 y más,30
R_07_2_Menor de 1,27
R_08_1_10-14,40
R_08_1_15-19,42
R_08_1_20-24,29
R_08_1_25-29,27
R_08_1_30-34,27
R_08_1_40-44,36
R_08_1_45-49,34
R_08_1_50-54,35
R_08_1_60-64,49
R_08_1_70-74,43
R_08_1_75-79,31
R_08_1_80-84,27
R_08_1_85 y más,26
R_08_1_Menor de 1,33
R_08_2_10-14,45
R_08_2_15-19,37
R_08_2_20-24,37
R_08_2_30-34,48
R_08_2_35-39,45
R_08_2_40-44,44
R_08_2_45-49,26
R_08_2_5-9,45
R_08_2_50-54,39
R_08_2_55-59,46
R_08_2_60-64,44
R_08_2_65-69,39
R_08_2_70-74,40
R_08_2_75-79,23
R_08_2_80-84,19
R_08_2_85 y más,16
R_08_2_Menor de 1,25
R_10_1_Menor de 1,32
R_10_2_Menor de 1,33
R_11_1_10-14,30
R_11_1_15-19,39
R_11_1_20-24,38
R_11_1_25-29,39
R_11_1_30-34,29
R_11_1_35-39,36
R_11_1_40-44,37
R_11_1_45-49,33
R_11_1_50-54,36
R_11_1_55-59,33
R_11_1_60-64,33
R_11_1_Menor de 1,21
R_11_2_10-14,42
R_11_2_15-19,45
R_11_2_20-24,38
R_11_2_25-29,39
R_11_2_35-39,43
R_11_2_40-44,44
R_11_2_45-49,29
R_11_2_5-9,34
R_11_2_55-59,32
R_11_2_60-64,45
R_11_2_80-84,44
R_11_2_Menor de 1,22
R_14_1_1-4,32
R_14_1_10-14,37
R_14_1_15-19,28
R_14_1_20-24,15
R_14_1_25-29,15
R_14_1_30-34,13
R_14_1_35-39,8
R_14_1_40-44,9
R_14_1_45-49,8
R_14_1_5-9,33
R_14_1_50-54,12
R_14_1_55-59,6
R_14_1_60-64,5
R_14_1_65-69,8
R_14_1_70-74,9
R_14_1_75-79,10
R_14_1_80-84,12
R_14_1_85 y más,5
R_14_1_Menor de 1,12
R_14_2_1-4,15
R_14_2_10-14,27
R_14_2_15-19,24
R_14_2_20-24,12
R_14_2_25-29,13
R_14_2_30-34,18
R_14_2_35-39,15
R_14_2_40-44,16
R_14_2_45-49,7
R_14_2_5-9,23
R_14_2_50-54,4
R_14_2_55-59,3
R_14_2_60-64,10
R_14_2_65-69,13
R_14_2_70-74,8
R_14_2_75-79,6
R_14_2_80-84,5
R_14_2_85 y más,6
R_14_2_Menor de 1,11
R_15_1_1-4,13
R_15_1_10-14,5
R_15_1_15-19,12
R_15_1_20-24,12
R_15_1_25-29,13
R_15_1_30-34,14
R_15_1_35-39,12
R_15_1_40-44,7
R_15_1_45-49,12
R_15_1_5-9,8
R_15_1_50-54,6
R_15_1_55-59,6
R_15_1_60-64,6
R_15_1_65-69,2
R_15_1_70-74,10
R_15_1_75-79,3
R_15_1_80-84,3
R_15_1_85 y más,1
R_15_1_Menor de 1,9
R_15_2_1-4,8
R_15_2_10-14,16
R_15_2_15-19,21
R_15_2_20-24,15
R_15_2_25-29,15
R_15_2_30-34,11
R_15_2_35-39,16
R_15_2_40-44,13
R_15_2_45-49,1
R_15_2_5-9,4
R_15_2_50-54,16
R_15_2_55-59,10
R_15_2_60-64,7
R_15_2_65-69,6
R_15_2_70-74,7
R_15_2_75-79,6
R_15_2_80-84,1
R_15_2_85 y más,1
R_15_2_Menor de 1,9
R_16_1_1-4,10
R_16_1_10-14,8
R_16_1_15-19,10
R_16_1_20-24,4
R_16_1_25-29,4
R_16_1_30-34,7
R_16_1_35-39,2
R_16_1_40-44,5
R_16_1_45-49,5
R_16_1_5-9,11
R_16_1_50-54,4
R_16_1_55-59,9
R_16_1_60-64,8
R_16_1_65-69,3
R_16_1_70-74,2
R_16_1_75-79,7
R_16_1_85 y más,4
R_16_1_Menor de 1,4
R_16_2_1-4,9
R_16_2_10-14,11
R_16_2_15-19,8
R_16_2_20-24,5
R_16_2_25-29,4
R_16_2_30-34,8
R_16_2_35-39,5
R_16_2_40-44,10
R_16_2_45-49,3
R_16_2_5-9,10
R_16_2_50-54,4
R_16_2_55-59,9
R_16_2_60-64,6
R_16_2_65-69,6
R_16_2_70-74,2
R_16_2_75-79,2
R_16_2_80-84,4
R_16_2_85 y más,2
R_16_2_Menor de 1,4
R_18_1_45-49,37
R_18_1_50-54,46
R_18_1_Menor de 1,31
R_18_2_Menor de 1,20
R_19_1_1-4,16
R_19_1_10-14,17
R_19_1_15-19,23
R_19_1_20-24,15
R_19_1_25-29,7
R_19_1_30-34,13
R_19_1_35-39,10
R_19_1_40-44,7
R_19_1_45-49,6
R_19_1_5-9,9
R_19_1_50-54,6
R_19_1_55-59,4
R_19_1_60-64,4
R_19_1_65-69,4
R_19_1_70-74,4
R_19_1_75-79,7
R_19_1_80-84,8
R_19_1_85 y más,3
R_19_1_Menor de 1,9
R_19_2_1-4,23
R_19_2_10-14,15
R_19_2_15-19,11
R_19_2_20-24,14
R_19_2_25-29,8
R_19_2_30-34,9
R_19_2_35-39,7
R_19_2_40-44,10
R_19_2_45-49,6
R_19_2_5-9,10
R_19_2_50-54,7
R_19_2_55-59,4
R_19_2_60-64,7
R_19_2_65-69,3
R_19_2_70-74,8
R_19_2_75-79,5
R_19_2_80-84,8
R_19_2_85 y más,10
R_19_2_Menor de 1,8
R_20_1_1-4,3
R_20_1_10-14,1
R_20_1_15-19,3
R_20_1_20-24,1
R_20_1_25-29,3
R_20_1_30-34,2
R_20_1_35-39,1
R_20_1_40-44,2
R_20_1_45-49,3
R_20_1_5-9,2
R_20_1_50-54,3
R_20_1_55-59,4
R_20_1_60-64,2
R_20_1_65-69,6
R_20_1_70-74,2
R_20_1_75-79,3
R_20_1_80-84,2
R_20_1_Menor de 1,2
R_20_2_1-4,3
R_20_2_10-14,3
R_20_2_15-19,2
R_20_2_20-24,4
R_20_2_25-29,3
R_20_2_30-34,2
R_20_2_35-39,6
R_20_2_40-44,2
R_20_2_45-49,3
R_20_2_5-9,2
R_20_2_55-59,1
R_20_2_60-64,2
R_20_2_65-69,1
R_20_2_80-84,2
R_20_2_85 y más,3
R_21_1_10-14,34
R_21_1_15-19,31
R_21_1_20-24,22
R_21_1_25-29,38
R_21_1_30-34,45
R_21_1_35-39,34
R_21_1_40-44,34
R_21_1_45-49,27
R_21_1_5-9,49
R_21_1_50-54,24
R_21_1_55-59,22
R_21_1_60-64,20
R_21_1_65-69,14
R_21_1_70-74,15
R_21_1_75-79,17
R_21_1_80-84,9
R_21_1_85 y más,9
R_21_1_Menor de 1,23
R_21_2_10-14,49
R_21_2_15-19,44
R_21_2_20-24,45
R_21_2_25-29,48
R_21_2_30-34,41
R_21_2_35-39,39
R_21_2_40-44,25
R_21_2_45-49,25
R_21_2_50-54,21
R_21_2_55-59,16
R_21_2_60-64,16
R_21_2_65-69,11
R_21_2_70-74,7
R_21_2_75-79,11
R_21_2_80-84,18
R_21_2_85 y más,5
R_21_2_Menor de 1,18
R_22_1_1-4,21
R_22_1_10-14,13
R_22_1_15-19,13
R_22_1_20-24,13
R_22_1_25-29,12
R_22_1_30-34,20
R_22_1_35-39,9
R_22_1_40-44,13
R_22_1_45-49,8
R_22_1_5-9,23
R_22_1_50-54,7
R_22_1_55-59,8
R_22_1_65-69,6
R_22_1_70-74,7
R_22_1_75-79,1
R_22_1_85 y más,1
R_22_1_Menor de 1,9
R_22_2_1-4,18
R_22_2_10-14,16
R_22_2_15-19,15
R_22_2_20-24,13
R_22_2_25-29,10
R_22_2_30-34,14
R_22_2_35-39,12
R_22_2_40-44,9
R_22_2_45-49,11
R_22_2_5-9,15
R_22_2_50-54,5
R_22_2_55-59,5
R_22_2_60-64,3
R_22_2_65-69,8
R_22_2_70-74,5
R_22_2_75-79,4
R_22_2_80-84,4
R_22_2_Menor de 1,8
R_23_1_85 y más,44
R_23_2_80-84,37
R_23_2_85 y más,49
R_24_1_15-19,42
R_24_1_35-39,42
R_24_1_45-49,46
R_24_1_65-69,45
R_24_1_70-74,48
R_24_1_75-79,27
R_24_1_80-84,26
R_24_1_85 y más,20
R_24_1_Menor de 1,26
R_24_2_55-59,44
R_24_2_65-69,47
R_24_2_70-74,31
R_24_2_75-79,15
R_24_2_80-84,20
R_24_2_85 y más,18
R_24_2_Menor de 1,41
R_88_1_1-4,3
R_88_1_10-14,2
R_88_1_20-24,2
R_88_1_25-29,2
R_88_1_30-34,2
R_88_1_35-39,1
R_88_1_45-49,1
R_88_1_5-9,1
R_88_1_50-54,2
R_88_1_55-59,2
R_88_1_65-69,1
R_88_1_70-74,3
R_88_1_75-79,1
R_88_2_10-14,2
R_88_2_20-24,1
R_88_2_30-34,3
R_88_2_40-44,2
R_88_2_5-9,2
R_88_2_50-54,2
R_88_2_55-59,1
R_88_2_60-64,1
R_88_2_65-69,3
S_01_2_Menor de 1,42
S_02_1_Menor de 1,7
S_02_2_25-29,48
S_02_2_40-44,46
S_02_2_Menor de 1,7
S_03_1_Menor de 1,33
S_03_2_Menor de 1,20
S_04_1_70-74,45
S_04_1_75-79,44
S_04_1_80-84,35
S_04_1_85 y más,48
S_04_1_Menor de 1,15
S_04_2_45-49,41
S_04_2_50-54,47
S_04_2_70-74,45
S_04_2_Menor de 1,5
S_05_1_Menor de 1,28
S_05_2_Menor de 1,15
S_06_1_Menor de 1,36
S_06_2_Menor de 1,29
S_08_1_Menor de 1,28
S_08_2_Menor de 1,16
S_10_1_Menor de 1,32
S_10_2_Menor de 1,25
S_11_1_Menor de 1,25
S_11_2_Menor de 1,21
S_12_2_Menor de 1,47
S_14_1_80-84,43
S_14_1_85 y más,48
S_14_1_Menor de 1,32
S_14_2_60-64,47
S_14_2_65-69,38
S_14_2_Menor de 1,19
S_15_1_60-64,49
S_15_1_70-74,35
S_15_1_75-79,17
S_15_1_80-84,19
S_15_1_85 y más,16
S_15_1_Menor de 1,17
S_15_2_1-4,41
S_15_2_15-19,42
S_15_2_30-34,46
S_15_2_40-44,45
S_15_2_45-49,40
S_15_2_50-54,33
S_15_2_55-59,29
S_15_2_60-64,31
S_15_2_65-69,22
S_15_2_70-74,31
S_15_2_75-79,30
S_15_2_80-84,23
S_15_2_85 y más,32
S_15_2_Menor de 1,9
S_16_1_65-69,42
S_16_1_70-74,44
S_16_1_75-79,29
S_16_1_80-84,23
S_16_1_85 y más,28
S_16_1_Menor de 1,10
S_16_2_45-49,49
S_16_2_50-54,38
S_16_2_60-64,41
S_16_2_65-69,40
S_16_2_70-74,36
S_16_2_75-79,33
S_16_2_80-84,24
S_16_2_85 y más,37
S_16_2_Menor de 1,6
S_18_1_Menor de 1,37
S_18_2_Menor de 1,30
S_19_1_75-79,40
S_19_1_80-84,31
S_19_1_85 y más,29
S_19_1_Menor de 1,18
S_19_2_65-69,48
S_19_2_70-74,34
S_19_2_80-84,36
S_19_2_Menor de 1,21
S_20_1_1-4,18
S_20_1_15-19,46
S_20_1_5-9,38
S_20_1_50-54,44
S_20_1_55-59,37
S_20_1_60-64,33
S_20_1_65-69,21
S_20_1_70-74,12
S_20_1_75-79,5
S_20_1_80-84,10
S_20_1_85 y más,14
S_20_1_Menor de 1,2
S_20_2_1-4,12
S_20_2_10-14,14
S_20_2_15-19,16
S_20_2_20-24,23
S_20_2_25-29,32
S_20_2_30-34,20
S_20_2_35-39,24
S_20_2_40-44,20
S_20_2_45-49,14
S_20_2_5-9,23
S_20_2_50-54,16
S_20_2_55-59,25
S_20_2_60-64,22
S_20_2_65-69,16
S_20_2_70-74,11
S_20_2_75-79,9
S_20_2_80-84,7
S_20_2_85 y más,14
S_20_2_Menor de 1,1
S_21_1_80-84,42
S_21_1_85 y más,24
S_21_1_Menor de 1,19
S_21_2_65-69,41
S_21_2_70-74,47
S_21_2_80-84,43
S_21_2_85 y más,36
S_21_2_Menor de 1,11
S_22_1_65-69,47
S_22_1_70-74,32
S_22_1_75-79,19
S_22_1_80-84,13
S_22_1_85 y más,17
S_22_1_Menor de 1,6
S_22_2_50-54,49
S_22_2_55-59,42
S_22_2_60-64,36
S_22_2_65-69,40
S_22_2_70-74,26
S_22_2_75-79,20
S_22_2_80-84,24
S_22_2_85 y más,34
S_22_2_Menor de 1,5
S_23_2_Menor de 1,35
S_24_1_80-84,43
S_24_1_Menor de 1,18
S_24_2_Menor de 1,15
S_88_1_1-4,4
S_88_1_10-14,2
S_88_1_15-19,14
S_88_1_20-24,30
S_88_1_25-29,23
S_88_1_30-34,15
S_88_1_35-39,20
S_88_1_40-44,9
S_88_1_45-49,11
S_88_1_5-9,10
S_88_1_50-54,6
S_88_1_55-59,7
S_88_1_60-64,7
S_88_1_65-69,3
S_88_1_70-74,2
S_88_1_75-79,2
S_88_1_80-84,2
S_88_1_85 y más,3
S_88_2_1-4,4
S_88_2_10-14,1
S_88_2_15-19,2
S_88_2_20-24,2
S_88_2_25-29,8
S_88_2_30-34,4
S_88_2_35-39,2
S_88_2_40-44,4
S_88_2_45-49,4
S_88_2_5-9,3
S_88_2_50-54,2
S_88_2_55-59,5
S_88_2_60-64,1
S_88_2_65-69,2
S_88_2_70-74,2
S_88_2_75-79,1
S_88_2_85 y más,1
T_01_1_80-84,49
T_01_1_Menor de 1,48
T_01_2_Menor de 1,33
T_02_1_35-39,43
T_02_1_40-44,29
T_02_1_45-49,34
T_02_1_5-9,31
T_02_1_50-54,32
T_02_1_55-59,30
T_02_1_60-64,33
T_02_1_65-69,23
T_02_1_70-74,18
T_02_1_75-79,26
T_02_1_80-84,15
T_02_1_85 y más,9
T_02_1_Menor de 1,8
T_02_2_1-4,42
T_02_2_25-29,38
T_02_2_30-34,29
T_02_2_35-39,29
T_02_2_40-44,27
T_02_2_45-49,32
T_02_2_5-9,30
T_02_2_50-54,14
T_02_2_55-59,20
T_02_2_60-64,10
T_02_2_65-69,20
T_02_2_70-74,18
T_02_2_75-79,11
T_02_2_80-84,14
T_02_2_85 y más,9
T_02_2_Menor de 1,5
T_03_1_55-59,40
T_03_1_60-64,46
T_03_1_65-69,47
T_03_1_70-74,38
T_03_1_75-79,31
T_03_1_80-84,20
T_03_1_85 y más,17
T_03_1_Menor de 1,11
T_03_2_35-39,48
T_03_2_45-49,49
T_03_2_55-59,37
T_03_2_60-64,38
T_03_2_65-69,46
T_03_2_70-74,34
T_03_2_75-79,40
T_03_2_80-84,38
T_03_2_85 y más,42
T_03_2_Menor de 1,11
T_04_1_1-4,41
T_04_1_10-14,40
T_04_1_15-19,43
T_04_1_25-29,44
T_04_1_35-39,31
T_04_1_40-44,26
T_04_1_45-49,29
T_04_1_5-9,31
T_04_1_50-54,22
T_04_1_55-59,19
T_04_1_60-64,19
T_04_1_65-69,13
T_04_1_70-74,17
T_04_1_75-79,16
T_04_1_80-84,9
T_04_1_85 y más,8
T_04_1_Menor de 1,4
T_04_2_20-24,26
T_04_2_25-29,30
T_04_2_30-34,35
T_04_2_35-39,27
T_04_2_40-44,18
T_04_2_45-49,17
T_04_2_5-9,31
T_04_2_50-54,21
T_04_2_55-59,11
T_04_2_60-64,16
T_04_2_65-69,14
T_04_2_70-74,7
T_04_2_75-79,8
T_04_2_80-84,11
T_04_2_85 y más,12
T_04_2_Menor de 1,7
T_05_1_65-69,48
T_05_1_70-74,34
T_05_1_75-79,38
T_05_1_80-84,27
T_05_1_85 y más,19
T_05_1_Menor de 1,10
T_05_2_40-44,46
T_05_2_50-54,37
T_05_2_55-59,33
T_05_2_60-64,44
T_05_2_65-69,36
T_05_2_70-74,29
T_05_2_75-79,44
T_05_2_80-84,21
T_05_2_85 y más,23
T_05_2_Menor de 1,9
T_06_1_70-74,47
T_06_1_80-84,19
T_06_1_85 y más,27
T_06_1_Menor de 1,16
T_06_2_65-69,44
T_06_2_80-84,36
T_06_2_85 y más,33
T_06_2_Menor de 1,12
T_07_1_75-79,38
T_07_1_80-84,24
T_07_1_85 y más,20
T_07_1_Menor de 1,21
T_07_2_70-74,49
T_07_2_75-79,35
T_07_2_80-84,18
T_07_2_85 y más,38
T_07_2_Menor de 1,18
T_08_1_70-74,25
T_08_1_75-79,22
T_08_1_80-84,10
T_08_1_85 y más,11
T_08_1_Menor de 1,15
T_08_2_50-54,41
T_08_2_55-59,27
T_08_2_60-64,37
T_08_2_65-69,25
T_08_2_70-74,21
T_08_2_75-79,10
T_08_2_80-84,7
T_08_2_85 y más,6
T_08_2_Menor de 1,17
T_10_1_75-79,41
T_10_1_80-84,22
T_10_1_85 y más,27
T_10_1_Menor de 1,18
T_10_2_60-64,45
T_10_2_65-69,43
T_10_2_70-74,49
T_10_2_80-84,26
T_10_2_85 y más,28
T_10_2_Menor de 1,17
T_11_1_65-69,47
T_11_1_75-79,38
T_11_1_80-84,28
T_11_1_85 y más,33
T_11_1_Menor de 1,19
T_11_2_45-49,47
T_11_2_50-54,43
T_11_2_55-59,47
T_11_2_60-64,48
T_11_2_65-69,36
T_11_2_70-74,29
T_11_2_75-79,36
T_11_2_80-84,42
T_11_2_85 y más,36
T_11_2_Menor de 1,17
T_12_1_75-79,41
T_12_1_80-84,31
T_12_1_85 y más,20
T_12_1_Menor de 1,31
T_12_2_60-64,48
T_12_2_65-69,47
T_12_2_70-74,36
T_12_2_75-79,32
T_12_2_80-84,30
T_12_2_85 y más,20
T_12_2_Menor de 1,26
T_13_1_80-84,46
T_13_1_85 y más,44
T_14_1_65-69,41
T_14_1_70-74,35
T_14_1_75-79,16
T_14_1_80-84,13
T_14_1_85 y más,11
T_14_1_Menor de 1,18
T_14_2_55-59,37
T_14_2_60-64,42
T_14_2_65-69,26
T_14_2_70-74,23
T_14_2_75-79,22
T_14_2_80-84,18
T_14_2_85 y más,15
T_14_2_Menor de 1,24
T_15_1_10-14,46
T_15_1_30-34,40
T_15_1_35-39,44
T_15_1_40-44,24
T_15_1_45-49,26
T_15_1_5-9,37
T_15_1_50-54,23
T_15_1_55-59,18
T_15_1_60-64,9
T_15_1_65-69,21
T_15_1_70-74,9
T_15_1_75-79,4
T_15_1_80-84,5
T_15_1_Menor de 1,5
T_15_2_1-4,32
T_15_2_25-29,45
T_15_2_30-34,35
T_15_2_35-39,21
T_15_2_40-44,16
T_15_2_45-49,14
T_15_2_5-9,34
T_15_2_50-54,16
T_15_2_55-59,19
T_15_2_60-64,15
T_15_2_65-69,11
T_15_2_70-74,8
T_15_2_75-79,4
T_15_2_80-84,3
T_15_2_85 y más,2
T_15_2_Menor de 1,4
T_16_1_40-44,33
T_16_1_45-49,25
T_16_1_50-54,34
T_16_1_55-59,25
T_16_1_60-64,14
T_16_1_65-69,14
T_16_1_70-74,12
T_16_1_75-79,6
T_16_1_80-84,6
T_16_1_85 y más,3
T_16_1_Menor de 1,6
T_16_2_1-4,42
T_16_2_20-24,47
T_16_2_25-29,33
T_16_2_30-34,31
T_16_2_35-39,32
T_16_2_40-44,28
T_16_2_45-49,25
T_16_2_5-9,36
T_16_2_50-54,17
T_16_2_55-59,18
T_16_2_60-64,10
T_16_2_65-69,6
T_16_2_70-74,7
T_16_2_75-79,2
T_16_2_80-84,1
T_16_2_85 y más,1
T_16_2_Menor de 1,5
T_18_1_80-84,23
T_18_1_85 y más,44
T_18_1_Menor de 1,33
T_18_2_80-84,41
T_18_2_85 y más,42
T_18_2_Menor de 1,18
T_19_1_55-59,49
T_19_1_60-64,36
T_19_1_65-69,33
T_19_1_70-74,30
T_19_1_75-79,19
T_19_1_80-84,10
T_19_1_85 y más,4
T_19_1_Menor de 1,10
T_19_2_35-39,33
T_19_2_40-44,35
T_19_2_45-49,34
T_19_2_50-54,26
T_19_2_55-59,17
T_19_2_60-64,18
T_19_2_65-69,14
T_19_2_70-74,13
T_19_2_75-79,16
T_19_2_80-84,3
T_19_2_85 y más,7
T_19_2_Menor de 1,11
T_20_1_1-4,6
T_20_1_10-14,10
T_20_1_15-19,16
T_20_1_20-24,14
T_20_1_25-29,15
T_20_1_30-34,21
T_20_1_35-39,23
T_20_1_40-44,14
T_20_1_45-49,16
T_20_1_5-9,11
T_20_1_50-54,13
T_20_1_55-59,14
T_20_1_60-64,9
T_20_1_65-69,8
T_20_1_70-74,3
T_20_1_75-79,3
T_20_1_85 y más,1
T_20_1_Menor de 1,1
T_20_2_1-4,9
T_20_2_10-14,7
T_20_2_15-19,13
T_20_2_20-24,3
T_20_2_25-29,16
T_20_2_30-34,10
T_20_2_35-39,15
T_20_2_40-44,4
T_20_2_45-49,14
T_20_2_5-9,7
T_20_2_50-54,12
T_20_2_55-59,10
T_20_2_60-64,11
T_20_2_65-69,5
T_20_2_70-74,2
T_20_2_75-79,3
T_20_2_80-84,1
T_20_2_Menor de 1,2
T_21_1_60-64,46
T_21_1_65-69,32
T_21_1_70-74,21
T_21_1_75-79,10
T_21_1_80-84,8
T_21_1_85 y más,12
T_21_1_Menor de 1,8
T_21_2_45-49,41
T_21_2_50-54,31
T_21_2_55-59,40
T_21_2_60-64,25
T_21_2_65-69,15
T_21_2_70-74,16
T_21_2_75-79,16
T_21_2_80-84,11
T_21_2_85 y más,5
T_21_2_Menor de 1,12
T_22_1_45-49,42
T_22_1_50-54,35
T_22_1_55-59,26
T_22_1_60-64,20
T_22_1_65-69,13
T_22_1_70-74,7
T_22_1_75-79,7
T_22_1_80-84,2
T_22_1_85 y más,1
T_22_1_Menor de 1,13
T_22_2_1-4,45
T_22_2_25-29,49
T_22_2_30-34,44
T_22_2_35-39,33
T_22_2_40-44,21
T_22_2_45-49,30
T_22_2_50-54,25
T_22_2_55-59,16
T_22_2_60-64,17
T_22_2_65-69,7
T_22_2_70-74,8
T_22_2_75-79,3
T_22_2_80-84,3
T_22_2_85 y más,2
T_22_2_Menor de 1,3
T_23_1_75-79,49
T_23_1_80-84,39
T_23_1_85 y más,20
T_23_1_Menor de 1,33
T_23_2_70-74,38
T_23_2_75-79,25
T_23_2_80-84,23
T_23_2_85 y más,20
T_23_2_Menor de 1,27
T_24_1_10-14,49
T_24_1_15-19,42
T_24_1_45-49,43
T_24_1_50-54,45
T_24_1_60-64,39
T_24_1_65-69,21
T_24_1_70-74,16
T_24_1_75-79,18
T_24_1_80-84,6
T_24_1_85 y más,7
T_24_1_Menor de 1,6
T_24_2_10-14,29
T_24_2_15-19,36
T_24_2_20-24,31
T_24_2_25-29,36
T_24_2_30-34,33
T_24_2_35-39,37
T_24_2_40-44,36
T_24_2_45-49,24
T_24_2_5-9,40
T_24_2_50-54,28
T_24_2_55-59,29
T_24_2_60-64,27
T_24_2_65-69,16
T_24_2_70-74,18
T_24_2_75-79,7
T_24_2_80-84,8
T_24_2_85 y más,7
T_24_2_Menor de 1,9
T_88_1_1-4,5
T_88_1_10-14,1
T_88_1_15-19,1
T_88_1_20-24,9
T_88_1_25-29,6
T_88_1_30-34,4
T_88_1_35-39,2
T_88_1_40-44,4
T_88_1_45-49,2
T_88_1_5-9,2
T_88_1_50-54,2
T_88_1_55-59,2
T_88_1_65-69,1
T_88_1_75-79,2
T_88_2_1-4,1
T_88_2_10-14,1
T_88_2_15-19,2
T_88_2_20-24,4
T_88_2_25-29,3
T_88_2_30-34,3
T_88_2_40-44,1
T_88_2_50-54,1
T_88_2_55-59,2
T_88_2_60-64,1
U_01_1_10-14,22
U_01_1_15-19,36
U_01_1_5-9,40
U_01_2_10-14,20
U_01_2_15-19,42
U_01_2_5-9,34
U_01_2_Menor de 1,49
U_02_1_1-4,11
U_02_1_10-14,6
U_02_1_15-19,12
U_02_1_20-24,16
U_02_1_25-29,18
U_02_1_30-34,39
U_02_1_35-39,49
U_02_1_5-9,1
U_02_1_Menor de 1,13
U_02_2_1-4,5
U_02_2_10-14,6
U_02_2_40-44,43
U_02_2_5-9,7
U_02_2_Menor de 1,13
U_03_1_1-4,35
U_03_1_10-14,4
U_03_1_15-19,8
U_03_1_20-24,18
U_03_1_25-29,34
U_03_1_30-34,39
U_03_1_5-9,13
U_03_1_Menor de 1,25
U_03_2_1-4,12
U_03_2_10-14,6
U_03_2_15-19,13
U_03_2_20-24,22
U_03_2_25-29,24
U_03_2_30-34,32
U_03_2_35-39,35
U_03_2_40-44,45
U_03_2_45-49,48
U_03_2_5-9,9
U_03_2_Menor de 1,15
U_04_1_1-4,21
U_04_1_10-14,4
U_04_1_15-19,4
U_04_1_20-24,15
U_04_1_25-29,17
U_04_1_30-34,40
U_04_1_5-9,3
U_04_1_Menor de 1,9
U_04_2_1-4,13
U_04_2_10-14,3
U_04_2_15-19,10
U_04_2_20-24,10
U_04_2_25-29,24
U_04_2_30-34,21
U_04_2_35-39,31
U_04_2_40-44,44
U_04_2_5-9,12
U_04_2_80-84,37
U_04_2_85 y más,36
U_04_2_Menor de 1,5
U_05_1_1-4,33
U_05_1_10-14,22
U_05_1_15-19,19
U_05_1_20-24,23
U_05_1_5-9,14
U_05_1_Menor de 1,48
U_05_2_1-4,25
U_05_2_10-14,13
U_05_2_15-19,29
U_05_2_5-9,5
U_05_2_Menor de 1,27
U_06_1_1-4,42
U_06_1_10-14,22
U_06_1_15-19,14
U_06_1_20-24,20
U_06_1_5-9,17
U_06_2_1-4,28
U_06_2_10-14,12
U_06_2_15-19,12
U_06_2_20-24,19
U_06_2_25-29,48
U_06_2_5-9,14
U_06_2_Menor de 1,43
U_07_1_1-4,11
U_07_1_10-14,15
U_07_1_15-19,15
U_07_1_20-24,37
U_07_1_5-9,8
U_07_1_Menor de 1,36
U_07_2_1-4,13
U_07_2_10-14,10
U_07_2_15-19,16
U_07_2_20-24,42
U_07_2_5-9,9
U_07_2_Menor de 1,35
U_08_1_1-4,33
U_08_1_10-14,9
U_08_1_15-19,5
U_08_1_20-24,14
U_08_1_25-29,21
U_08_1_30-34,26
U_08_1_35-39,34
U_08_1_40-44,49
U_08_1_5-9,12
U_08_1_80-84,49
U_08_1_85 y más,45
U_08_1_Menor de 1,21
U_08_2_1-4,25
U_08_2_10-14,10
U_08_2_15-19,27
U_08_2_20-24,24
U_08_2_25-29,31
U_08_2_30-34,28
U_08_2_35-39,29
U_08_2_40-44,30
U_08_2_45-49,48
U_08_2_5-9,15
U_08_2_50-54,47
U_08_2_70-74,44
U_08_2_75-79,38
U_08_2_80-84,43
U_08_2_85 y más,42
U_08_2_Menor de 1,19
U_10_1_1-4,22
U_10_1_10-14,16
U_10_1_15-19,16
U_10_1_20-24,22
U_10_1_25-29,39
U_10_1_5-9,8
U_10_1_Menor de 1,22
U_10_2_1-4,13
U_10_2_10-14,10
U_10_2_15-19,20
U_10_2_20-24,44
U_10_2_5-9,9
U_10_2_Menor de 1,17
U_11_1_1-4,24
U_11_1_10-14,8
U_11_1_15-19,10
U_11_1_20-24,30
U_11_1_5-9,12
U_11_1_Menor de 1,20
U_11_2_1-4,21
U_11_2_10-14,11
U_11_2_15-19,16
U_11_2_20-24,24
U_11_2_25-29,41
U_11_2_5-9,16
U_11_2_Menor de 1,22
U_12_1_1-4,23
U_12_1_10-14,23
U_12_1_15-19,12
U_12_1_20-24,26
U_12_1_5-9,14
U_12_1_Menor de 1,28
U_12_2_1-4,19
U_12_2_10-14,10
U_12_2_15-19,22
U_12_2_20-24,40
U_12_2_30-34,49
U_12_2_5-9,17
U_12_2_Menor de 1,15
U_13_1_10-14,25
U_13_1_15-19,20
U_13_1_20-24,41
U_13_1_5-9,37
U_13_2_10-14,28
U_13_2_15-19,37
U_13_2_5-9,33
U_13_2_Menor de 1,42
U_14_1_1-4,8
U_14_1_10-14,5
U_14_1_15-19,12
U_14_1_20-24,9
U_14_1_25-29,24
U_14_1_30-34,31
U_14_1_35-39,48
U_14_1_45-49,41
U_14_1_5-9,6
U_14_1_70-74,36
U_14_1_75-79,45
U_14_1_80-84,41
U_14_1_Menor de 1,28
U_14_2_1-4,10
U_14_2_10-14,4
U_14_2_15-19,12
U_14_2_20-24,15
U_14_2_25-29,32
U_14_2_30-34,41
U_14_2_35-39,34
U_14_2_40-44,27
U_14_2_45-49,31
U_14_2_5-9,5
U_14_2_50-54,31
U_14_2_60-64,48
U_14_2_65-69,46
U_14_2_70-74,36
U_14_2_75-79,39
U_14_2_80-84,39
U_14_2_85 y más,42
U_14_2_Menor de 1,22
U_15_1_1-4,15
U_15_1_10-14,10
U_15_1_15-19,7
U_15_1_20-24,7
U_15_1_25-29,9
U_15_1_30-34,20
U_15_1_35-39,9
U_15_1_40-44,35
U_15_1_45-49,33
U_15_1_5-9,12
U_15_1_50-54,35
U_15_1_55-59,38
U_15_1_60-64,40
U_15_1_65-69,33
U_15_1_70-74,27
U_15_1_75-79,37
U_15_1_80-84,17
U_15_1_85 y más,18
U_15_1_Menor de 1,29
U_15_2_1-4,25
U_15_2_10-14,10
U_15_2_15-19,6
U_15_2_20-24,15
U_15_2_25-29,14
U_15_2_30-34,21
U_15_2_35-39,21
U_15_2_40-44,15
U_15_2_45-49,16
U_15_2_5-9,7
U_15_2_50-54,30
U_15_2_55-59,16
U_15_2_60-64,29
U_15_2_65-69,21
U_15_2_70-74,14
U_15_2_75-79,11
U_15_2_80-84,14
U_15_2_85 y más,12
U_15_2_Menor de 1,20
U_16_1_1-4,5
U_16_1_10-14,3
U_16_1_15-19,6
U_16_1_20-24,3
U_16_1_25-29,7
U_16_1_30-34,12
U_16_1_35-39,19
U_16_1_40-44,17
U_16_1_45-49,23
U_16_1_50-54,43
U_16_1_55-59,29
U_16_1_60-64,41
U_16_1_65-69,22
U_16_1_70-74,30
U_16_1_75-79,19
U_16_1_80-84,16
U_16_1_85 y más,18
U_16_1_Menor de 1,4
U_16_2_1-4,3
U_16_2_10-14,2
U_16_2_15-19,5
U_16_2_20-24,6
U_16_2_25-29,12
U_16_2_30-34,14
U_16_2_35-39,11
U_16_2_40-44,17
U_16_2_45-49,17
U_16_2_50-54,18
U_16_2_55-59,22
U_16_2_60-64,16
U_16_2_65-69,14
U_16_2_70-74,22
U_16_2_75-79,6
U_16_2_80-84,15
U_16_2_85 y más,19
U_16_2_Menor de 1,10
U_18_1_1-4,38
U_18_1_10-14,22
U_18_1_15-19,18
U_18_1_20-24,43
U_18_1_5-9,26
U_18_1_Menor de 1,28
U_18_2_1-4,44
U_18_2_10-14,23
U_18_2_15-19,17
U_18_2_20-24,26
U_18_2_5-9,19
U_18_2_Menor de 1,31
U_19_1_1-4,3
U_19_1_10-14,4
U_19_1_15-19,7
U_19_1_20-24,7
U_19_1_25-29,13
U_19_1_30-34,9
U_19_1_35-39,33
U_19_1_40-44,21
U_19_1_45-49,29
U_19_1_5-9,3
U_19_1_50-54,31
U_19_1_55-59,36
U_19_1_60-64,48
U_19_1_65-69,37
U_19_1_70-74,30
U_19_1_75-79,36
U_19_1_80-84,36
U_19_1_85 y más,34
U_19_1_Menor de 1,5
U_19_2_1-4,5
U_19_2_10-14,2
U_19_2_15-19,9
U_19_2_20-24,12
U_19_2_25-29,14
U_19_2_30-34,16
U_19_2_35-39,12
U_19_2_40-44,12
U_19_2_45-49,16
U_19_2_5-9,1
U_19_2_50-54,18
U_19_2_55-59,22
U_19_2_60-64,23
U_19_2_65-69,24
U_19_2_70-74,26
U_19_2_75-79,20
U_19_2_80-84,25
U_19_2_85 y más,27
U_19_2_Menor de 1,6
U_20_1_1-4,1
U_20_1_15-19,2
U_20_1_20-24,1
U_20_1_25-29,3
U_20_1_30-34,5
U_20_1_35-39,3
U_20_1_40-44,9
U_20_1_45-49,5
U_20_1_5-9,1
U_20_1_50-54,10
U_20_1_55-59,19
U_20_1_60-64,13
U_20_1_65-69,13
U_20_1_70-74,6
U_20_1_75-79,7
U_20_1_80-84,1
U_20_1_85 y más,3
U_20_1_Menor de 1,2
U_20_2_10-14,2
U_20_2_20-24,1
U_20_2_25-29,4
U_20_2_30-34,3
U_20_2_35-39,3
U_20_2_40-44,3
U_20_2_45-49,1
U_20_2_50-54,6
U_20_2_55-59,6
U_20_2_60-64,5
U_20_2_65-69,7
U_20_2_70-74,4
U_20_2_75-79,2
U_20_2_80-84,3
U_20_2_85 y más,1
U_21_1_1-4,19
U_21_1_10-14,1
U_21_1_15-19,4
U_21_1_20-24,8
U_21_1_25-29,21
U_21_1_30-34,33
U_21_1_5-9,9
U_21_1_65-69,46
U_21_1_75-79,40
U_21_1_80-84,21
U_21_1_85 y más,30
U_21_1_Menor de 1,17
U_21_2_1-4,15
U_21_2_10-14,2
U_21_2_15-19,19
U_21_2_20-24,21
U_21_2_25-29,24
U_21_2_30-34,26
U_21_2_35-39,25
U_21_2_40-44,30
U_21_2_45-49,31
U_21_2_5-9,5
U_21_2_50-54,40
U_21_2_55-59,40
U_21_2_60-64,47
U_21_2_65-69,35
U_21_2_70-74,29
U_21_2_75-79,22
U_21_2_80-84,15
U_21_2_85 y más,16
U_21_2_Menor de 1,9
U_22_1_1-4,4
U_22_1_10-14,7
U_22_1_15-19,6
U_22_1_20-24,8
U_22_1_25-29,19
U_22_1_30-34,17
U_22_1_35-39,42
U_22_1_40-44,37
U_22_1_45-49,45
U_22_1_5-9,6
U_22_1_50-54,44
U_22_1_55-59,47
U_22_1_60-64,49
U_22_1_65-69,44
U_22_1_70-74,38
U_22_1_75-79,22
U_22_1_80-84,20
U_22_1_85 y más,21
U_22_1_Menor de 1,10
U_22_2_1-4,7
U_22_2_10-14,7
U_22_2_20-24,6
U_22_2_25-29,20
U_22_2_30-34,20
U_22_2_35-39,24
U_22_2_40-44,18
U_22_2_45-49,19
U_22_2_5-9,5
U_22_2_50-54,34
U_22_2_55-59,21
U_22_2_60-64,33
U_22_2_65-69,26
U_22_2_70-74,22
U_22_2_75-79,10
U_22_2_80-84,18
U_22_2_85 y más,11
U_22_2_Menor de 1,3
U_23_1_1-4,44
U_23_1_10-14,8
U_23_1_15-19,9
U_23_1_20-24,21
U_23_1_25-29,43
U_23_1_5-9,8
U_23_1_Menor de 1,34
U_23_2_1-4,20
U_23_2_10-14,15
U_23_2_15-19,17
U_23_2_20-24,27
U_23_2_25-29,41
U_23_2_5-9,12
U_23_2_Menor de 1,20
U_24_1_1-4,3
U_24_1_10-14,3
U_24_1_15-19,9
U_24_1_20-24,8
U_24_1_25-29,16
U_24_1_30-34,21
U_24_1_5-9,4
U_24_1_80-84,38
U_24_1_Menor de 1,11
U_24_2_1-4,3
U_24_2_10-14,1
U_24_2_15-19,10
U_24_2_20-24,13
U_24_2_25-29,13
U_24_2_30-34,12
U_24_2_35-39,17
U_24_2_40-44,23
U_24_2_45-49,36
U_24_2_5-9,1
U_24_2_50-54,41
U_24_2_75-79,33
U_24_2_80-84,29
U_24_2_85 y más,32
U_24_2_Menor de 1,7
U_88_1_20-24,1
U_88_1_30-34,3
U_88_1_35-39,2
U_88_1_40-44,3
U_88_1_45-49,3
U_88_1_50-54,2
U_88_1_55-59,3
U_88_1_60-64,4
U_88_1_65-69,2
U_88_1_70-74,1
U_88_1_80-84,2
U_88_1_85 y más,1
U_88_2_25-29,2
U_88_2_30-34,1
U_88_2_35-39,3
U_88_2_40-44,2
U_88_2_45-49,1
U_88_2_50-54,2
U_88_2_55-59,2
U_88_2_60-64,2
U_88_2_65-69,2
U_88_2_70-74,3
U_88_2_75-79,1
Z_01_1_1-4,23
Z_01_1_10-14,8
Z_01_1_5-9,13
Z_01_1_50-54,46
Z_01_1_55-59,45
Z_01_1_60-64,22
Z_01_1_65-69,27
Z_01_1_70-74,22
Z_01_1_75-79,17
Z_01_1_80-84,8
Z_01_1_85 y más,6
Z_01_1_Menor de 1,13
Z_01_2_1-4,10
Z_01_2_10-14,23
Z_01_2_5-9,9
Z_01_2_70-74,27
Z_01_2_75-79,22
Z_01_2_80-84,10
Z_01_2_85 y más,13
Z_01_2_Menor de 1,4
Z_02_1_1-4,22
Z_02_1_10-14,30
Z_02_1_15-19,4
Z_02_1_20-24,27
Z_02_1_25-29,3
Z_02_1_30-34,11
Z_02_1_35-39,29
Z_02_1_40-44,10
Z_02_1_45-49,10
Z_02_1_5-9,24
Z_02_1_50-54,5
Z_02_1_55-59,14
Z_02_1_60-64,14
Z_02_1_65-69,18
Z_02_1_70-74,9
Z_02_1_75-79,11
Z_02_1_80-84,22
Z_02_1_85 y más,5
Z_02_2_1-4,7
Z_02_2_10-14,8
Z_02_2_15-19,40
Z_02_2_45-49,12
Z_02_2_5-9,8
Z_02_2_50-54,26
Z_02_2_55-59,23
Z_02_2_60-64,19
Z_02_2_65-69,9
Z_02_2_70-74,8
Z_02_2_75-79,6
Z_02_2_85 y más,5
Z_02_2_Menor de 1,2
Z_03_1_1-4,13
Z_03_1_10-14,9
Z_03_1_15-19,16
Z_03_1_20-24,30
Z_03_1_25-29,18
Z_03_1_30-34,30
Z_03_1_35-39,19
Z_03_1_40-44,14
Z_03_1_45-49,13
Z_03_1_5-9,11
Z_03_1_50-54,7
Z_03_1_55-59,7
Z_03_1_60-64,5
Z_03_1_65-69,13
Z_03_1_70-74,10
Z_03_1_75-79,5
Z_03_1_80-84,5
Z_03_1_85 y más,3
Z_03_1_Menor de 1,4
Z_03_2_1-4,13
Z_03_2_10-14,16
Z_03_2_15-19,38
Z_03_2_45-49,43
Z_03_2_5-9,8
Z_03_2_50-54,20
Z_03_2_55-59,11
Z_03_2_60-64,16
Z_03_2_65-69,7
Z_03_2_70-74,6
Z_03_2_75-79,7
Z_03_2_80-84,5
Z_03_2_85 y más,2
Z_03_2_Menor de 1,7
Z_04_1_1-4,27
Z_04_1_15-19,26
Z_04_1_20-24,28
Z_04_1_25-29,39
Z_04_1_40-44,49
Z_04_1_45-49,45
Z_04_1_5-9,43
Z_04_1_50-54,38
Z_04_1_55-59,26
Z_04_1_65-69,45
Z_04_1_70-74,4
Z_04_1_75-79,17
Z_04_1_80-84,13
Z_04_1_85 y más,2
Z_04_1_Menor de 1,2
Z_04_2_1-4,23
Z_04_2_10-14,13
Z_04_2_15-19,28
Z_04_2_45-49,43
Z_04_2_5-9,9
Z_04_2_50-54,33
Z_04_2_55-59,41
Z_04_2_60-64,23
Z_04_2_65-69,34
Z_04_2_70-74,38
Z_04_2_75-79,3
Z_04_2_80-84,5
Z_04_2_85 y más,7
Z_04_2_Menor de 1,5
Z_05_1_15-19,38
Z_05_1_20-24,27
Z_05_1_45-49,47
Z_05_1_70-74,26
Z_05_1_80-84,28
Z_05_1_85 y más,4
Z_05_1_Menor de 1,22
Z_05_2_10-14,36
Z_05_2_60-64,49
Z_05_2_70-74,34
Z_05_2_75-79,16
Z_05_2_80-84,12
Z_05_2_85 y más,4
Z_05_2_Menor de 1,5
Z_06_1_1-4,30
Z_06_1_10-14,26
Z_06_1_15-19,45
Z_06_1_20-24,30
Z_06_1_25-29,40
Z_06_1_45-49,36
Z_06_1_5-9,20
Z_06_1_55-59,28
Z_06_1_65-69,31
Z_06_1_75-79,25
Z_06_1_80-84,15
Z_06_1_85 y más,8
Z_06_2_1-4,18
Z_06_2_10-14,40
Z_06_2_5-9,34
Z_06_2_75-79,19
Z_06_2_80-84,8
Z_06_2_85 y más,3
Z_07_1_1-4,8
Z_07_1_10-14,13
Z_07_1_15-19,15
Z_07_1_20-24,29
Z_07_1_25-29,34
Z_07_1_30-34,44
Z_07_1_35-39,35
Z_07_1_40-44,31
Z_07_1_45-49,17
Z_07_1_5-9,13
Z_07_1_50-54,19
Z_07_1_55-59,8
Z_07_1_60-64,19
Z_07_1_65-69,18
Z_07_1_70-74,11
Z_07_1_75-79,9
Z_07_1_80-84,4
Z_07_1_85 y más,2
Z_07_1_Menor de 1,3
Z_07_2_1-4,12
Z_07_2_10-14,2
Z_07_2_15-19,38
Z_07_2_45-49,47
Z_07_2_5-9,5
Z_07_2_50-54,25
Z_07_2_55-59,18
Z_07_2_60-64,12
Z_07_2_65-69,11
Z_07_2_70-74,9
Z_07_2_75-79,9
Z_07_2_80-84,8
Z_07_2_85 y más,2
Z_07_2_Menor de 1,1
Z_08_1_1-4,10
Z_08_1_10-14,8
Z_08_1_15-19,22
Z_08_1_20-24,22
Z_08_1_25-29,19
Z_08_1_30-34,40
Z_08_1_35-39,43
Z_08_1_40-44,39
Z_08_1_45-49,18
Z_08_1_5-9,19
Z_08_1_50-54,14
Z_08_1_55-59,13
Z_08_1_60-64,30
Z_08_1_65-69,24
Z_08_1_70-74,22
Z_08_1_75-79,11
Z_08_1_80-84,10
Z_08_1_85 y más,2
Z_08_1_Menor de 1,8
Z_08_2_1-4,36
Z_08_2_10-14,20
Z_08_2_15-19,36
Z_08_2_45-49,44
Z_08_2_5-9,10
Z_08_2_50-54,20
Z_08_2_55-59,21
Z_08_2_60-64,26
Z_08_2_65-69,37
Z_08_2_70-74,7
Z_08_2_75-79,11
Z_08_2_85 y más,3
Z_08_2_Menor de 1,7
Z_09_1_Menor de 1,23
Z_09_2_5-9,48
Z_09_2_Menor de 1,16
Z_10_1_5-9,49
Z_10_1_80-84,14
Z_10_1_85 y más,19
Z_10_1_Menor de 1,5
Z_10_2_1-4,31
Z_10_2_10-14,38
Z_10_2_80-84,12
Z_10_2_85 y más,22
Z_10_2_Menor de 1,6
Z_11_1_1-4,9
Z_11_1_10-14,35
Z_11_1_15-19,43
Z_11_1_25-29,46
Z_11_1_30-34,42
Z_11_1_35-39,49
Z_11_1_40-44,46
Z_11_1_45-49,33
Z_11_1_5-9,12
Z_11_1_50-54,11
Z_11_1_55-59,8
Z_11_1_60-64,11
Z_11_1_65-69,31
Z_11_1_70-74,9
Z_11_1_75-79,11
Z_11_1_80-84,4
Z_11_1_85 y más,4
Z_11_1_Menor de 1,6
Z_11_2_1-4,5
Z_11_2_10-14,47
Z_11_2_5-9,6
Z_11_2_55-59,45
Z_11_2_60-64,27
Z_11_2_65-69,25
Z_11_2_70-74,14
Z_11_2_75-79,6
Z_11_2_80-84,4
Z_11_2_85 y más,1
Z_11_2_Menor de 1,3
Z_12_1_1-4,19
Z_12_1_10-14,19
Z_12_1_15-19,19
Z_12_1_20-24,21
Z_12_1_25-29,31
Z_12_1_30-34,34
Z_12_1_35-39,31
Z_12_1_40-44,31
Z_12_1_45-49,37
Z_12_1_5-9,12
Z_12_1_50-54,36
Z_12_1_55-59,35
Z_12_1_60-64,27
Z_12_1_65-69,20
Z_12_1_70-74,19
Z_12_1_75-79,11
Z_12_1_80-84,4
Z_12_1_85 y más,4
Z_12_1_Menor de 1,3
Z_12_2_1-4,10
Z_12_2_10-14,24
Z_12_2_5-9,7
Z_12_2_50-54,38
Z_12_2_55-59,41
Z_12_2_60-64,32
Z_12_2_65-69,26
Z_12_2_70-74,26
Z_12_2_75-79,21
Z_12_2_80-84,3
Z_12_2_85 y más,3
Z_12_2_Menor de 1,2
Z_13_1_1-4,46
Z_13_1_10-14,32
Z_13_1_5-9,29
Z_13_1_65-69,45
Z_13_1_70-74,44
Z_13_1_75-79,31
Z_13_1_80-84,12
Z_13_1_85 y más,9
Z_13_1_Menor de 1,10
Z_13_2_1-4,47
Z_13_2_10-14,38
Z_13_2_5-9,20
Z_13_2_75-79,43
Z_13_2_80-84,21
Z_13_2_85 y más,18
Z_13_2_Menor de 1,32
Z_14_1_1-4,14
Z_14_1_10-14,12
Z_14_1_15-19,5
Z_14_1_20-24,5
Z_14_1_25-29,13
Z_14_1_30-34,19
Z_14_1_35-39,23
Z_14_1_40-44,11
Z_14_1_45-49,32
Z_14_1_5-9,12
Z_14_1_50-54,6
Z_14_1_55-59,3
Z_14_1_60-64,10
Z_14_1_65-69,1
Z_14_1_70-74,6
Z_14_1_75-79,16
Z_14_1_80-84,1
Z_14_1_85 y más,1
Z_14_1_Menor de 1,2
Z_14_2_1-4,5
Z_14_2_10-14,15
Z_14_2_45-49,7
Z_14_2_5-9,8
Z_14_2_50-54,10
Z_14_2_55-59,8
Z_14_2_60-64,7
Z_14_2_65-69,4
Z_14_2_70-74,1
Z_14_2_75-79,2
Z_14_2_80-84,2
Z_14_2_Menor de 1,1
Z_15_1_1-4,26
Z_15_1_10-14,7
Z_15_1_15-19,8
Z_15_1_20-24,9
Z_15_1_25-29,10
Z_15_1_30-34,11
Z_15_1_35-39,10
Z_15_1_40-44,20
Z_15_1_45-49,11
Z_15_1_5-9,11
Z_15_1_50-54,9
Z_15_1_55-59,3
Z_15_1_60-64,11
Z_15_1_65-69,3
Z_15_1_70-74,2
Z_15_1_75-79,19
Z_15_1_80-84,3
Z_15_1_85 y más,2
Z_15_1_Menor de 1,15
Z_15_2_1-4,20
Z_15_2_10-14,8
Z_15_2_15-19,39
Z_15_2_20-24,42
Z_15_2_45-49,10
Z_15_2_5-9,10
Z_15_2_50-54,22
Z_15_2_55-59,41
Z_15_2_60-64,8
Z_15_2_65-69,8
Z_15_2_70-74,4
Z_15_2_75-79,2
Z_15_2_80-84,3
Z_15_2_85 y más,1
Z_15_2_Menor de 1,13
Z_16_1_1-4,35
Z_16_1_10-14,3
Z_16_1_15-19,7
Z_16_1_20-24,8
Z_16_1_25-29,15
Z_16_1_30-34,46
Z_16_1_35-39,20
Z_16_1_40-44,15
Z_16_1_45-49,20
Z_16_1_5-9,17
Z_16_1_50-54,17
Z_16_1_55-59,6
Z_16_1_60-64,11
Z_16_1_65-69,15
Z_16_1_70-74,21
Z_16_1_75-79,15
Z_16_1_80-84,5
Z_16_1_85 y más,4
Z_16_1_Menor de 1,25
Z_16_2_1-4,7
Z_16_2_10-14,7
Z_16_2_15-19,23
Z_16_2_20-24,46
Z_16_2_30-34,45
Z_16_2_40-44,44
Z_16_2_45-49,25
Z_16_2_5-9,8
Z_16_2_50-54,35
Z_16_2_55-59,22
Z_16_2_60-64,20
Z_16_2_65-69,19
Z_16_2_70-74,8
Z_16_2_75-79,5
Z_16_2_80-84,12
Z_16_2_Menor de 1,14
Z_18_1_85 y más,46
Z_18_1_Menor de 1,15
Z_18_2_5-9,48
Z_18_2_85 y más,39
Z_18_2_Menor de 1,14
Z_19_1_1-4,4
Z_19_1_10-14,8
Z_19_1_15-19,20
Z_19_1_20-24,17
Z_19_1_25-29,31
Z_19_1_30-34,27
Z_19_1_35-39,26
Z_19_1_40-44,16
Z_19_1_45-49,8
Z_19_1_5-9,15
Z_19_1_50-54,5
Z_19_1_55-59,4
Z_19_1_60-64,2
Z_19_1_65-69,3
Z_19_1_70-74,1
Z_19_1_75-79,1
Z_19_2_1-4,3
Z_19_2_10-14,10
Z_19_2_15-19,37
Z_19_2_20-24,48
Z_19_2_40-44,21
Z_19_2_45-49,15
Z_19_2_5-9,4
Z_19_2_50-54,6
Z_19_2_55-59,21
Z_19_2_60-64,1
Z_19_2_65-69,2
Z_19_2_70-74,3
Z_19_2_80-84,1
Z_20_1_1-4,2
Z_20_1_15-19,1
Z_20_1_20-24,4
Z_20_1_25-29,11
Z_20_1_30-34,16
Z_20_1_35-39,26
Z_20_1_40-44,17
Z_20_1_45-49,8
Z_20_1_5-9,4
Z_20_1_50-54,3
Z_20_1_60-64,12
Z_20_1_85 y más,1
Z_20_2_1-4,1
Z_20_2_15-19,4
Z_20_2_20-24,11
Z_20_2_25-29,32
Z_20_2_30-34,38
Z_20_2_35-39,23
Z_20_2_40-44,21
Z_20_2_45-49,6
Z_20_2_50-54,14
Z_20_2_55-59,1
Z_20_2_60-64,1
Z_20_2_70-74,1
Z_21_1_1-4,12
Z_21_1_10-14,28
Z_21_1_15-19,24
Z_21_1_20-24,17
Z_21_1_25-29,28
Z_21_1_30-34,36
Z_21_1_35-39,40
Z_21_1_40-44,28
Z_21_1_45-49,32
Z_21_1_5-9,25
Z_21_1_50-54,21
Z_21_1_55-59,8
Z_21_1_60-64,11
Z_21_1_65-69,20
Z_21_1_70-74,4
Z_21_1_75-79,1
Z_21_1_80-84,1
Z_21_1_85 y más,1
Z_21_1_Menor de 1,3
Z_21_2_1-4,27
Z_21_2_10-14,17
Z_21_2_15-19,32
Z_21_2_45-49,46
Z_21_2_5-9,6
Z_21_2_50-54,25
Z_21_2_55-59,13
Z_21_2_60-64,16
Z_21_2_65-69,5
Z_21_2_70-74,13
Z_21_2_75-79,2
Z_21_2_80-84,3
Z_22_1_1-4,24
Z_22_1_10-14,3
Z_22_1_15-19,2
Z_22_1_20-24,5
Z_22_1_25-29,7
Z_22_1_30-34,20
Z_22_1_35-39,27
Z_22_1_40-44,12
Z_22_1_45-49,5
Z_22_1_5-9,23
Z_22_1_50-54,12
Z_22_1_55-59,20
Z_22_1_60-64,6
Z_22_1_65-69,9
Z_22_1_75-79,6
Z_22_1_80-84,1
Z_22_1_Menor de 1,2
Z_22_2_1-4,10
Z_22_2_10-14,10
Z_22_2_15-19,41
Z_22_2_20-24,48
Z_22_2_40-44,37
Z_22_2_45-49,20
Z_22_2_5-9,8
Z_22_2_50-54,6
Z_22_2_55-59,34
Z_22_2_60-64,12
Z_22_2_65-69,10
Z_22_2_70-74,2
Z_22_2_75-79,4
Z_23_1_1-4,39
Z_23_1_10-14,30
Z_23_1_45-49,37
Z_23_1_5-9,49
Z_23_1_50-54,32
Z_23_1_55-59,44
Z_23_1_60-64,23
Z_23_1_65-69,19
Z_23_1_70-74,18
Z_23_1_75-79,34
Z_23_1_80-84,7
Z_23_1_85 y más,4
Z_23_1_Menor de 1,9
Z_23_2_1-4,16
Z_23_2_10-14,31
Z_23_2_5-9,46
Z_23_2_60-64,39
Z_23_2_70-74,28
Z_23_2_75-79,11
Z_23_2_80-84,8
Z_23_2_85 y más,2
Z_23_2_Menor de 1,5
Z_24_1_1-4,2
Z_24_1_10-14,6
Z_24_1_15-19,15
Z_24_1_20-24,11
Z_24_1_25-29,12
Z_24_1_30-34,17
Z_24_1_35-39,15
Z_24_1_40-44,13
Z_24_1_45-49,8
Z_24_1_5-9,2
Z_24_1_50-54,9
Z_24_1_55-59,9
Z_24_1_60-64,6
Z_24_1_65-69,11
Z_24_1_70-74,9
Z_24_1_75-79,5
Z_24_1_80-84,3
Z_24_1_85 y más,4
Z_24_2_1-4,2
Z_24_2_10-14,8
Z_24_2_15-19,48
Z_24_2_45-49,28
Z_24_2_5-9,3
Z_24_2_50-54,15
Z_24_2_55-59,10
Z_24_2_60-64,12
Z_24_2_65-69,8
Z_24_2_70-74,3
Z_24_2_75-79,4
Z_24_2_80-84,3
Z_24_2_85 y más,1
Z_24_2_Menor de 1,1
Z_88_1_10-14,1
Z_88_1_15-19,1
Z_88_1_20-24,1
Z_88_1_25-29,1
Z_88_1_30-34,2
Z_88_1_35-39,1
Z_88_1_45-49,2
Z_88_1_55-59,2
Z_88_2_10-14,1
Z_88_2_15-19,9
Z_88_2_20-24,11
Z_88_2_25-29,16
Z_88_2_30-34,21
Z_88_2_35-39,14
Z_88_2_40-44,11
Z_88_2_45-49,8
Z_88_2_50-54,7
Z_88_2_55-59,3
Z_88_2_60-64,4
Z_88_2_65-69,1
